alcaldia,colonia,direccion,nivel,cct,escuela,aefcm,sectei,sobse
ALVARO OBREGÓN,JALALPA,"CALLE GUSTAVO DIAZ ORDAZ   S/N, AMPLIACION JALALPA, ALCALDÍA ALVARO OBREGÓN, C.P. 1296, CIUDAD DE MÉXICO.",PRIMARIA,09DPR1784M,ESCUELA PRIMARIA CARLOS A. PEREYRA,,,X
ALVARO OBREGÓN,JALALPA,"CALLE AVD. JALAPA  S/N, AMPLIACION JALALPA, ALCALDÍA ALVARO OBREGÓN, C.P. 01296, CIUDAD DE MÉXICO.",PRIMARIA,09DPR0022Z,ESCUELA PRIMARIA PROFR. LUIS AUDIRAC GALVEZ,,,X
ALVARO OBREGÓN,JALALPA,"CALLE GUSTAVO DIAZ ORDAZ  MANZANA 6 LOTE 2 Y CALLE 5  S/N, COLONIA JALALPA, ALCALDÍA ALVARO OBREGÓN, C.P. 01290, CIUDAD DE MÉXICO.",PREESCOLAR,09DJN1160S,JARDÍN DE NIÑOS  MA. EVELIA MONTERRUBIO SAENZ,,,X
TLÁHUAC,QUIAHUATLA,"CALLE AZUCENA  S/N, COLONIA QUIAHUATLA, ALCALDÍA TLÁHUAC, C.P. 13090, CIUDAD DE MÉXICO.",PRIMARIA,09DPR5024F,ESCUELA PRIMARIA JULIA NAVA RUIZ SANCHEZ,x,,
IZTAPALAPA,CONSTITUCION DE 1917,"CALLE LIC. JOSE NATIVIDAD MACIAS Y GRAL. FRANCISCO ANDRADE  S/N, COLONIA CONSTITUCION DE 1917, ALCALDÍA IZTAPALAPA, C.P. 09360, CIUDAD DE MÉXICO.",SECUNDARIA,09DES0253K,ESCUELA SECUNDARIA JOSÉ NATIVIDAD MACIAS,x,,
ALVARO OBREGÓN,JALALPA EL GRANDE,"CALLE DIAZ ORDAZ  S/N, COLONIA JALALPA EL GRANDE, ALCALDÍA ALVARO OBREGÓN, C.P. 01290, CIUDAD DE MÉXICO.",PRIMARIA,09DPR4513O,ESCUELA PRIMARIA SALVADOR NAVA MARTÍNEZ,X,,X
ALVARO OBREGÓN,JALALPA EL GRANDE,"CALLE GUSTAVO DIAZ ORDAZ  S/N, COLONIA JALALPA EL GRANDE, ALCALDÍA ALVARO OBREGÓN, C.P. 01290, CIUDAD DE MÉXICO.",SECUNDARIA,09DST0100Z,ESCUELA SECUNDARIA TÉCNICA  NO.  100,,,X
ALVARO OBREGÓN,JALALPA EL GRANDE,"CALLE GUSTAVO DIAZ ORDAZ  S/N, COLONIA JALALPA EL GRANDE, ALCALDÍA ALVARO OBREGÓN, C.P. 01296, CIUDAD DE MÉXICO.",PREESCOLAR,09DJN1278Q,JARDÍN DE NIÑOS  YOLOPATLI,,,X
ALVARO OBREGÓN,LOMAS DE PLATEROS,"CALLE FRANCISCO P MIRANDA  S/N, COLONIA LOMAS DE PLATEROS, ALCALDÍA ALVARO OBREGÓN, C.P. 01480, CIUDAD DE MÉXICO.",PREESCOLAR,09DJN0571N,JARDÍN DE NIÑOS  DINAMARCA,,,X
AZCAPOTZALCO,TRABAJADORES DEL HIERRO,"CALLE LATONEROS  NO.  107, COLONIA TRABAJADORES DEL HIERRO, ALCALDÍA AZCAPOTZALCO, C.P. 02650, CIUDAD DE MÉXICO.",SECUNDARIA,09DES0183F,ESCUELA SECUNDARIA REPÚBLICA DEMOCRÁTICA ALEMANA,,,X
BENITO JUÁREZ,MODERNA,"CALLE  AMERICAS NO.  155, COLONIA MODERNA, ALCALDÍA BENITO JUÁREZ, C.P. 03510, CIUDAD DE MÉXICO.",PRIMARIA,09DPR1290B,ESCUELA PRIMARIA HÉROES DE EL CARRIZAL,,,X
XOCHIMILCO,SAN LUCAS XOCHIMANCA,"CALLE CAMINO REAL DE SAN MATEO Y ACUEDUCTO  S/N, COLONIA SAN LUCAS XOCHIMANCA, ALCALDÍA XOCHIMILCO, C.P. 16300, CIUDAD DE MÉXICO.",SECUNDARIA,09DES0180I,ESCUELA SECUNDARIA OCTAVIO PAZ,X,X,
BENITO JUÁREZ,MODERNA,"CALLE MIGUEL ANGEL  NO.  170, COLONIA MODERNA, ALCALDÍA BENITO JUÁREZ, C.P. 03510, CIUDAD DE MÉXICO.",PRIMARIA,09DPR1265C,ESCUELA PRIMARIA JUAN MONTALVO,,,X
BENITO JUÁREZ,MODERNA,"CALLE MIGUEL ANGEL Y SANTA ANITA  S/N, COLONIA MODERNA, ALCALDÍA BENITO JUÁREZ, C.P. 03510, CIUDAD DE MÉXICO.",PREESCOLAR,09DJN0470P,JARDÍN DE NIÑOS  MARIA OROPEZA HERMIDA,,,X
COYOACÁN,CTM,"CALLE CARLOTA ARMERO Y MANUELA SAENZ Z 19  S/N, UNIDAD HABITACIONAL  CTM, ALCALDÍA COYOACÁN, C.P. 04430, CIUDAD DE MÉXICO.",PREESCOLAR,09DJN0119V,JARDÍN DE NIÑOS  AURORA ORTIZ DE MARQUEZ,X,,X
COYOACÁN,CTM CULHUACAN,"CALLE  DE LAS BOMBAS Y CAFETALES  S/N, UNIDAD HABITACIONAL  CTM CULHUACAN, ALCALDÍA COYOACÁN, C.P. 04480, CIUDAD DE MÉXICO.",SECUNDARIA,09DST0084Y,ESCUELA SECUNDARIA TÉCNICA  NO.  84,X,,X
COYOACÁN,CTM CULHUACAN SECCION VII,"CALLE REMEDIOS VALLE ZONA 7  S/N, UNIDAD HABITACIONAL   CTM CULHUACAN SECCION VII, ALCALDÍA COYOACÁN, C.P. 04480, CIUDAD DE MÉXICO.",PRIMARIA,09DPR4217N,ESCUELA PRIMARIA PROFR. JESUS SILVA HERZOG,,,X
IZTACALCO,VIADUCTO PIEDAD,"CALLE AV. CORUÑA NO.  325, COLONIA VIADUCTO PIEDAD, ALCALDÍA IZTACALCO, C.P. 08200, CIUDAD DE MÉXICO.",PRIMARIA,09DPR1221F,ESCUELA PRIMARIA REPÚBLICA ESPAÑOLA,X,X,
COYOACÁN,CTM CULHUACAN VI SECCION,"CALLE 18  DE MANUELA SAENZ   S/N, UNIDAD HABITACIONAL   CTM CULHUACAN VI SECCION, ALCALDÍA COYOACÁN, C.P. 04480, CIUDAD DE MÉXICO.",PRIMARIA,09DPR3246B,ESCUELA PRIMARIA PROFRA. SUSANA ORTIZ SILVA,,,X
COYOACÁN,CTM CULHUACAN ZONA CINCO,"CALLE CAHITAS  S/N, UNIDAD HABITACIONAL  CTM CULHUACAN ZONA CINCO, ALCALDÍA COYOACÁN, C.P. 04480, CIUDAD DE MÉXICO.",PREESCOLAR,09DJN0614V,JARDÍN DE NIÑOS  LEOPOLDO MENDEZ,,,X
COYOACÁN,CTM SAN FRANCISCO CULHUACAN,"CALLE CARLOTA ARMERO  S/N, UNIDAD HABITACIONAL  CTM SAN FRANCISCO CULHUACAN, ALCALDÍA COYOACÁN, C.P. 04480, CIUDAD DE MÉXICO.",PRIMARIA,09DPR0126V,ESCUELA PRIMARIA ESTEFANIA CASTAÑEDA,,,X
COYOACÁN,CTM SAN FRANCISCO CULHUACAN,"CALLE TERCER DE SANTA CECILIA  S/N, UNIDAD HABITACIONAL  CTM SAN FRANCISCO CULHUACAN, ALCALDÍA COYOACÁN, C.P. 04480, CIUDAD DE MÉXICO.",PREESCOLAR,09DJN1037S,JARDÍN DE NIÑOS  ALBERTO TRUEBA URBINA,,,X
BENITO JUÁREZ,NARVARTE PONIENTE,"CALLE ESPERANZA  S/N, COLONIA NARVARTE PONIENTE, ALCALDÍA BENITO JUÁREZ, C.P. 03020, CIUDAD DE MÉXICO.",SECUNDARIA,09DES0045D,ESCUELA SECUNDARIA MARÍA ENRIQUETA CAMARILLO,X,X,
COYOACÁN,CTM SECCION X,"CALLE  CAFETALES Y SANTO TOMAS  S/N, UNIDAD HABITACIOAL  CTM SECCION X, ALCALDÍA COYOACÁN, C.P. 04480, CIUDAD DE MÉXICO.",PRIMARIA,09DPR4198P,ESCUELA PRIMARIA CARLOS PELLICER,,,X
COYOACÁN,INFONAVIT CULHUACAN,"CALLE ROSA ZARAGOZA Y ROSA MARIA SIQUEIROS  S/N, UNIDAD HABITACIONAL   INFONAVIT CULHUACAN, ALCALDÍA COYOACÁN, C.P. 04480, CIUDAD DE MÉXICO.",SECUNDARIA,09DES0280H,ESCUELA SECUNDARIA MAX SHEIN,,,X
TLALPAN,EJIDOS DE PADIERNA,"CALLE TIZIMIN Y CELESTUN  S/N, COLONIA EJIDOS DE PADIERNA, ALCALDÍA TLALPAN, C.P. 14200, CIUDAD DE MÉXICO.",SECUNDARIA,09DES0195K,ESCUELA SECUNDARIA TLAMACHIHUAPAN,X,X,
COYOACÁN,CTM CULHUACAN,"CALLE ESTACIONAMIENTO DE ROSA MARIA SEQUEIRA ZONA 18  S/N, UNIDAD HABITACIONAL CTM CULHUACAN, ALCALDÍA COYOACÁN, C.P. 04480, CIUDAD DE MÉXICO.",PRIMARIA,09DPR4194T,ESCUELA PRIMARIA PABLO MARTÍNEZ  DEL RIO,,,X
TLÁHUAC,MIGUEL HIDALGO,"CALLE MUZIO CLEMENTE Y HERNANI (ANTES TERESITA)  S/N, COLONIA MIGUEL HIDALGO, ALCALDÍA TLÁHUAC, C.P. 13200, CIUDAD DE MÉXICO.",SECUNDARIA,09DST0080B,ESCUELA SECUNDARIA TÉCNICA  NO.  80,X,X,
COYOACÁN,CTM CULHUACAN,"CALLE PRIMERA DE ROSA ZARAGOZA   S/N, UNIDAD HABITACIONAL  CTM CULHUACAN, ALCALDÍA COYOACÁN, C.P. 04480, CIUDAD DE MÉXICO.",PRIMARIA,09DPR0128T,ESCUELA PRIMARIA PROFR. AVELINO BOLAÑOS PALACIOS,X,,X
COYOACÁN,CTM SAN FRANCISCO CULHUACAN,"CALLE HUATUSCO   S/N, UNIDAD HABITACIONAL CTM SAN FRANCISCO CULHUACAN, ALCALDÍA COYOACÁN, C.P. 04400, CIUDAD DE MÉXICO.",PRIMARIA,09DPR2544U,ESCUELA PRIMARIA GRAL. DE DIVISION MARCIANO GONZÁLEZ,,,X
COYOACÁN,CULHUACAN CTM SECCION VI,"CALLE PRV. MERCEDES ABREGO  S/N, COLONIA CULHUACAN CTM SECCION VI, ALCALDÍA COYOACÁN, C.P. 04480, CIUDAD DE MÉXICO.",PREESCOLAR,09DJN0413Y,JARDÍN DE NIÑOS  TONANTZIN,,,X
IZTAPALAPA,JUAN ESCUTIA,"CALLE GENERAL MANUEL CEPEDA PERAZA  NO.  41, COLONIA JUAN ESCUTIA, ALCALDÍA IZTAPALAPA, C.P. 09100, CIUDAD DE MÉXICO.",PRIMARIA,09DPR1086R,ESCUELA PRIMARIA HÉROES DEL MOLINO DEL REY,X,,
COYOACÁN,PEDREGAL DE CARRASCO,"CALLE IMAN  NO.  580, COLONIA PEDREGAL DE CARRASCO, ALCALDÍA COYOACÁN, C.P. 04600, CIUDAD DE MÉXICO.",PREESCOLAR,09DJN1103A,JARDÍN DE NIÑOS  PROFR. JESUS CASTRO AGUNDEZ,,,X
COYOACÁN,SAN FRANCISCO CULHUACAN,"CALLE REMEDIOS VALLE Y MANUELA SAENZ  S/N, COLONIA SAN FRANCISCO CULHUACAN, ALCALDÍA COYOACÁN, C.P. 04480, CIUDAD DE MÉXICO.",PREESCOLAR,09DJN0845M,JARDÍN DE NIÑOS  EJIDOS DE CULHUACAN,,,X
IZTAPALAPA,SECTOR POPULAR,"CALLE RODOLFO USIGLI Y CALZADA DE LA VIGA   S/N, COLONIA SECTOR POPULAR, ALCALDÍA IZTAPALAPA, C.P. 09060, CIUDAD DE MÉXICO.",SECUNDARIA,09DST0037N,ESCUELA SECUNDARIA TÉCNICA  NO.  37,X,,
TLÁHUAC,LA NOPALERA (DEL MAR),"CALLE MANTARRAYA Y SABALO  S/N, COLONIA LA NOPALERA (DEL MAR), ALCALDÍA TLÁHUAC, C.P. 13220, CIUDAD DE MÉXICO.",SECUNDARIA,09DES0205A,ESCUELA SECUNDARIA ALEJANDRO GRAHAM BELL,x,,
COYOACÁN,MANUEL ROMERO DE TERREROS,"CALLE SEGUNDA Y TERCERA  DE MOCTEZUMA  S/N, COLONIA MANUEL ROMERO DE TERREROS, ALCALDÍA COYOACÁN, C.P. 04310, CIUDAD DE MÉXICO.",SECUNDARIA,09DST0064K,ESCUELA SECUNDARIA TÉCNICA  NO.  64,x,,
XOCHIMILCO,HUICHAPAN,"CALLE MARTIRES DE RIO BLANCO NO.  27, COLONIA HUICHAPAN, ALCALDÍA XOCHIMILCO, C.P. 16030, CIUDAD DE MÉXICO.",PRIMARIA,09DPR2565G,"ESCUELA PRIMARIA ANDRÉS DELGADO ""EL GIRO""",x,,
IZTAPALAPA,SAN LORENZO XICOTENCATL,"CALLE BALBANERA NO.  4, COLONIA SAN LORENZO XICOTENCATL, ALCALDÍA IZTAPALAPA, C.P. 09130, CIUDAD DE MÉXICO.",PRIMARIA,09DPR1002T,ESCUELA PRIMARIA PROFR. BRAULIO RODRÍGUEZ,x,,
CUAUHTÉMOC,TRANSITO,"CALLE SAN ANTONIO ABAD  NO.  15, COLONIA TRANSITO, ALCALDÍA CUAUHTÉMOC, C.P. 06820, CIUDAD DE MÉXICO.",SECUNDARIA,09DES0114J,ESCUELA SECUNDARIA RAFAEL RAMÍREZ,x,,
COYOACÁN,SAN FRANCISCO CULHUACAN,"CALLE ESTACIONAMIENTO ROSA MARIA SEQUEIRA  Z 18  S/N, COLONIA SAN FRANCISCO CULHUACAN, ALCALDÍA COYOACÁN, C.P. 04330, CIUDAD DE MÉXICO.",PREESCOLAR,09DJN1017E,JARDÍN DE NIÑOS  HEROES DE 1810,,,X
IZTAPALAPA,SANTA CRUZ MEYEHUALCO,"CALLE  6 Y CALLE 55  S/N, UNIDAD HABITACIONAL SANTA CRUZ MEYEHUALCO, ALCALDÍA IZTAPALAPA, C.P. 09290, CIUDAD DE MÉXICO.",SECUNDARIA,09DES0098I,ESCUELA SECUNDARIA FEDERICO FROEBEL,x,,
IZTAPALAPA,LOS REYES,"CALLE CUAUHTEMOC NO.  54, AMPLIACION LOS REYES, ALCALDÍA IZTAPALAPA, C.P. 09840, CIUDAD DE MÉXICO.",PRIMARIA,09DPR2908L,ESCUELA PRIMARIA CERRO DE LA ESTRELLA,x,,
COYOACÁN,SAN FRANCISCO CULHUACAN,"CALLE SANTA ANA Y CANAL NACIONAL  S/N, COLONIA SAN FRANCISCO CULHUACAN, ALCALDÍA COYOACÁN, C.P. 04430, CIUDAD DE MÉXICO.",PREESCOLAR,09DJN0846L,JARDÍN DE NIÑOS  ROSA HELIA GARCÍA DELGADO,,,X
IZTAPALAPA,SAN FRANCISCO CULHUACAN,"CALLE BENITO JUAREZ Y CANAL NACIONAL  S/N, COLONIA SAN FRANCISCO CULHUACAN, ALCALDÍA IZTAPALAPA, C.P. 09800, CIUDAD DE MÉXICO.",SECUNDARIA,09DES0206Z,ESCUELA SECUNDARIA ROBERTO KOCH,x,,
CUAUHTÉMOC,GUERRERO,"CALLE HEROES  NO.  25, COLONIA GUERRERO, ALCALDÍA CUAUHTÉMOC, C.P. 06300, CIUDAD DE MÉXICO.",PRIMARIA,09DPR2379L,ESCUELA PRIMARIA DR. BELISARIO DOMÍNGUEZ,X,,X
CUAUHTÉMOC,GUERRERO,"CALLE LUNA NO.  131, COLONIA GUERRERO, ALCALDÍA CUAUHTÉMOC, C.P. 06300, CIUDAD DE MÉXICO.",PRIMARIA,09DPR2497Z,ESCUELA PRIMARIA ESTADO DE CHIHUAHUA,,,X
CUAUHTÉMOC,GUERRERO,"CALLE ZARCO  NO.  55, COLONIA GUERRERO, ALCALDÍA CUAUHTÉMOC, C.P. 06300, CIUDAD DE MÉXICO.",PRIMARIA,09DPR2427E,ESCUELA PRIMARIA ESTADO DE VERACRUZ,X,,X
CUAUHTÉMOC,GUERRERO,"CALLE FRANCISCO GONZALEZ BOCANEGRA  NO.  14, COLONIA GUERRERO, ALCALDÍA CUAUHTÉMOC, C.P. 06000, CIUDAD DE MÉXICO.",PRIMARIA,09DPR0901E,ESCUELA PRIMARIA ESTADO DE YUCATAN,,,X
CUAUHTÉMOC,GUERRERO,"CALLE VICENTE RIVA PALACIO NO.  59, COLONIA GUERRERO, ALCALDÍA CUAUHTÉMOC, C.P. 06300, CIUDAD DE MÉXICO.",PRIMARIA,09DPR2435N,ESCUELA PRIMARIA FRANCISCO GONZÁLEZ BOCANEGRA,,,X
TLALPAN,BELISARIO DOMINGUEZ,"CALLE MARIA HERNANDEZ DE ZARCO NO.  14, UNIDAD HABITACIONAL BELISARIO DOMINGUEZ, ALCALDÍA TLALPAN, C.P. 14310, CIUDAD DE MÉXICO.",PRIMARIA,09DPR2838G,ESCUELA PRIMARIA MARGARITA MAZA DE JUÁREZ,X,X,
CUAUHTÉMOC,GUERRERO,"CALLE PEDRO MORENO  Y HEROES NO.  141, COLONIA GUERRERO, ALCALDÍA CUAUHTÉMOC, C.P. 06300, CIUDAD DE MÉXICO.",PRIMARIA,09DPR2441Y,ESCUELA PRIMARIA FRAY LUIS DE LEON,X,,X
CUAUHTÉMOC,GUERRERO,"CALLE HEROES  NO.  27, COLONIA GUERRERO, ALCALDÍA CUAUHTÉMOC, C.P. 06300, CIUDAD DE MÉXICO.",PRIMARIA,09DPR2321L,ESCUELA PRIMARIA IGNACIO M. ALTAMIRANO,X,,X
CUAUHTÉMOC,GUERRERO,"CALLE LERDO NO.  174, COLONIA GUERRERO, ALCALDÍA CUAUHTÉMOC, C.P. 06300, CIUDAD DE MÉXICO.",PRIMARIA,09DPR1136I,ESCUELA PRIMARIA ITALIA,,,X
CUAUHTÉMOC,GUERRERO,"CALLE HEROES  NO.  121, COLONIA GUERRERO, ALCALDÍA CUAUHTÉMOC, C.P. 06300, CIUDAD DE MÉXICO.",PRIMARIA,09DPR2408Q,ESCUELA PRIMARIA REPÚBLICA DE HONDURAS,X,,X
CUAUHTÉMOC,GUERRERO,"CALLE RINCONADA ESTRELLA   S/N, COLONIA GUERRERO, ALCALDÍA CUAUHTÉMOC, C.P. 06300, CIUDAD DE MÉXICO.",SECUNDARIA,09DST0023K,ESCUELA SECUNDARIA TÉCNICA  NO.  23,X,,X
ALVARO OBREGÓN,MOLINO DE ROSAS,"CALLE ROSA DE BENGALA Y DR. JOSE MONROY V.  S/N, COLONIA MOLINO DE ROSAS, ALCALDÍA ALVARO OBREGÓN, C.P. 01470, CIUDAD DE MÉXICO.",PRIMARIA,09DPR1855Q,ESCUELA PRIMARIA ROMÁN SALDAÑA OROPESA,,X,
ALVARO OBREGÓN,OLIVAR DEL CONDE PRIMERA SECCION,"CALLE  CALLE 7 Y AVENIDA DEL ROSAL  S/N, COLONIA OLIVAR DEL CONDE PRIMERA SECCION, ALCALDÍA ALVARO OBREGÓN, C.P. 01400, CIUDAD DE MÉXICO.",PREESCOLAR,09DJN0134N,JARDÍN DE NIÑOS  YOLOXOCHITL,,X,
CUAUHTÉMOC,GUERRERO,"CALLE MAGNOLIA  NO.  175, COLONIA GUERRERO, ALCALDÍA CUAUHTÉMOC, C.P. 06300, CIUDAD DE MÉXICO.",SECUNDARIA,09DTV0070I,ESCUELA TELESECUNDARIA  MATILDE MONTOYA LAFRAGUA,X,,X
CUAUHTÉMOC,GUERRERO,"CALLE MOCTEZUMA  NO.  123, COLONIA GUERRERO, ALCALDÍA CUAUHTÉMOC, C.P. 06300, CIUDAD DE MÉXICO.",PREESCOLAR,09DJN0744O,JARDÍN DE NIÑOS  AMADO NERVO,,,X
CUAUHTÉMOC,GUERRERO,"CALLE HEROES  NO.  53, COLONIA GUERRERO, ALCALDÍA CUAUHTÉMOC, C.P. 06300, CIUDAD DE MÉXICO.",PREESCOLAR,09DJN0743P,JARDÍN DE NIÑOS  HERBERT SPENCER,,,X
CUAUHTÉMOC,GUERRERO,"CALLE FRANCISCO GONZALEZ BOCANEGRA  NO.  16, COLONIA GUERRERO, ALCALDÍA CUAUHTÉMOC, C.P. 06300, CIUDAD DE MÉXICO.",PREESCOLAR,09DJN0698T,JARDÍN DE NIÑOS  JAIME NUNO,,,X
CUAUHTÉMOC,GUERRERO,"CALLE  DE CAMELIA NO.  9, COLONIA GUERRERO, ALCALDÍA CUAUHTÉMOC, C.P. 06300, CIUDAD DE MÉXICO.",PREESCOLAR,09DJN0749J,JARDÍN DE NIÑOS  MA. DE LA LUZ RIVERA DE YSUNZA,,,X
BENITO JUÁREZ,NAPOLES,"CALLE NUEVA YORK Y PROLONGACION FILADELFIA  S/N, COLONIA NAPOLES, ALCALDÍA BENITO JUÁREZ, C.P. 03810, CIUDAD DE MÉXICO.",SECUNDARIA,09DES0197I,ESCUELA SECUNDARIA CANADÁ,,X,
GUSTAVO A. MADERO,CAMPESTRE ARAGON,"CALLE PARQUE CENTRAL SUR Y CAMINO DEL ESFUERZO  S/N, COLONIA CAMPESTRE ARAGON, ALCALDÍA GUSTAVO A. MADERO, C.P. 07530, CIUDAD DE MÉXICO.",PRIMARIA,09DPR1401Q,ESCUELA PRIMARIA PROFR. CARLOS B. MUNGUIA,X,,X
GUSTAVO A. MADERO,LOMAS DE CUAUTEPEC,"CALLE SAN MIGUEL Y LA ESCONDIDA  S/N, COLONIA LOMAS DE CUAUTEPEC, ALCALDÍA GUSTAVO A. MADERO, C.P. 07110, CIUDAD DE MÉXICO.",PRIMARIA,09DPR2673O,ESCUELA PRIMARIA PROFR. RAMON ANDRADE CARMONA,X,,X
IZTACALCO,AGRICOLA ORIENTAL,"CALLE SUR 16 NO.  366, COLONIA AGRICOLA ORIENTAL, ALCALDÍA IZTACALCO, C.P. 08500, CIUDAD DE MÉXICO.",PRIMARIA,09DPR2898V,ESCUELA PRIMARIA ARQUELES VELA SALVATIERRA,X,,X
IZTACALCO,AGRICOLA ORIENTAL,"CALLE SUR 20 NO.  380, COLONIA AGRICOLA ORIENTAL, ALCALDÍA IZTACALCO, C.P. 08500, CIUDAD DE MÉXICO.",PRIMARIA,09DPR3150P,ESCUELA PRIMARIA AUGUSTO COMTE,,,X
IZTACALCO,AGRICOLA ORIENTAL,"CALLE BORDO RIO CHURUBUSCO NO.  2117, COLONIA AGRICOLA ORIENTAL, ALCALDÍA IZTACALCO, C.P. 08500, CIUDAD DE MÉXICO.",PRIMARIA,09DPR1003S,ESCUELA PRIMARIA BENITO FENTANES,,,X
IZTACALCO,AGRICOLA ORIENTAL,"CALLE ORIENTE 245 B NO.  35, COLONIA AGRICOLA ORIENTAL, ALCALDÍA IZTACALCO, C.P. 08500, CIUDAD DE MÉXICO.",PRIMARIA,09DPR0998G,ESCUELA PRIMARIA CALMECAC,X,,X
IZTACALCO,AGRICOLA ORIENTAL,"CALLE SUR 12 NO.  145, COLONIA AGRICOLA ORIENTAL, ALCALDÍA IZTACALCO, C.P. 08500, CIUDAD DE MÉXICO.",PRIMARIA,09DPR2610C,ESCUELA PRIMARIA DR. EDUARDO R. CORONEL,,,X
IZTACALCO,AGRICOLA ORIENTAL,"CALLE SUR 28  S/N, COLONIA AGRICOLA ORIENTAL, ALCALDÍA IZTACALCO, C.P. 08500, CIUDAD DE MÉXICO.",PRIMARIA,09DPR1091C,ESCUELA PRIMARIA GUILLERMO BONILLA S.,,,X
IZTACALCO,AGRICOLA ORIENTAL,"CALLE CANAL DE SAN JUAN NO.  315, COLONIA AGRICOLA ORIENTAL, ALCALDÍA IZTACALCO, C.P. 08500, CIUDAD DE MÉXICO.",PRIMARIA,09DPR1079H,ESCUELA PRIMARIA JESUS T. ACEVEDO,,,X
IZTACALCO,AGRICOLA ORIENTAL,"CALLE ORIENTE 229 NO.  290, COLONIA AGRICOLA ORIENTAL, ALCALDÍA IZTACALCO, C.P. 08500, CIUDAD DE MÉXICO.",PRIMARIA,09DPR2260O,ESCUELA PRIMARIA JOSÉ MANCISIDOR ORTIZ,,,X
IZTACALCO,AGRICOLA ORIENTAL,"CALLE SUR 16  S/N, COLONIA AGRICOLA ORIENTAL, ALCALDÍA IZTACALCO, C.P. 08500, CIUDAD DE MÉXICO.",PRIMARIA,09DPR1071P,ESCUELA PRIMARIA JUAN B MOLINA,,,X
IZTACALCO,AGRICOLA ORIENTAL,"CALLE ORIENTE 253  S/N, COLONIA AGRICOLA ORIENTAL, ALCALDÍA IZTACALCO, C.P. 08500, CIUDAD DE MÉXICO.",PRIMARIA,09DPR1067C,ESCUELA PRIMARIA LIC. JULIO JIMENEZ RUEDA,,,X
IZTACALCO,AGRICOLA ORIENTAL,"CALLE JAVIER ROJO GOMEZ NO.  324, COLONIA AGRICOLA ORIENTAL, ALCALDÍA IZTACALCO, C.P. 08500, CIUDAD DE MÉXICO.",PRIMARIA,09DPR1052A,ESCUELA PRIMARIA PONCIANO QUIROZ HERRERA,X,,X
IZTACALCO,AGRICOLA ORIENTAL,"CALLE JAVIER ROJO GOMEZ NO.  103, COLONIA AGRICOLA ORIENTAL, ALCALDÍA IZTACALCO, C.P. 08500, CIUDAD DE MÉXICO.",PRIMARIA,09DPR1000V,ESCUELA PRIMARIA PROFR. CLAUDIO CORTES CASTRO,X,,X
IZTACALCO,AGRICOLA ORIENTAL,"CALLE ORIENTE 245 B  S/N, COLONIA AGRICOLA ORIENTAL, ALCALDÍA IZTACALCO, C.P. 08500, CIUDAD DE MÉXICO.",PRIMARIA,09DPR1014Y,ESCUELA PRIMARIA TELPOCHCALLI,X,,X
IZTACALCO,AGRICOLA ORIENTAL,"CALLE ORIENTE 233 NO.  398, COLONIA AGRICOLA ORIENTAL, ALCALDÍA IZTACALCO, C.P. 08500, CIUDAD DE MÉXICO.",SECUNDARIA,09DES0220T,ESCUELA SECUNDARIA AGUSTÍN YÁNEZ,X,,X
IZTACALCO,AGRICOLA ORIENTAL,"CALLE SUR 4 NO.  290, COLONIA AGRICOLA ORIENTAL, ALCALDÍA IZTACALCO, C.P. 08500, CIUDAD DE MÉXICO.",SECUNDARIA,09DES0134X,ESCUELA SECUNDARIA LEANDRO VALLE,X,,X
IZTACALCO,AGRICOLA ORIENTAL,"CALLE SUR 28  S/N, COLONIA AGRICOLA ORIENTAL, ALCALDÍA IZTACALCO, C.P. 08500, CIUDAD DE MÉXICO.",SECUNDARIA,09DST0055C,ESCUELA SECUNDARIA TÉCNICA  NO.  55,,,X
IZTACALCO,AGRICOLA ORIENTAL,"CALLE ORIENTE 233 Y CERRADA DE ORIENTE 233  S/N, COLONIA AGRICOLA ORIENTAL, ALCALDÍA IZTACALCO, C.P. 08500, CIUDAD DE MÉXICO.",PREESCOLAR,09DJN0999P,JARDÍN DE NIÑOS  AMERICA LATINA,X,,X
IZTACALCO,AGRICOLA ORIENTAL,"CALLE SUR 20   S/N, COLONIA AGRICOLA ORIENTAL, ALCALDÍA IZTACALCO, C.P. 08500, CIUDAD DE MÉXICO.",PREESCOLAR,09DJN1200C,JARDÍN DE NIÑOS  CARMEN RAMOS DEL RIO,,,X
IZTACALCO,AGRICOLA ORIENTAL,"CALLE ANILLO PERIFERICO CANAL DE SAN JUAN   S/N, COLONIA AGRICOLA ORIENTAL, ALCALDÍA IZTACALCO, C.P. 08500, CIUDAD DE MÉXICO.",PREESCOLAR,09DJN0855T,JARDÍN DE NIÑOS  ESTADO DE ZACATECAS,,,X
COYOACÁN,CAMPESTRE CHURUBUSCO,"CALLE CERRO DEL CRESTON Y CERRO MEZONTEPEC  S/N, COLONIA CAMPESTRE CHURUBUSCO, ALCALDÍA COYOACÁN, C.P. 04200, CIUDAD DE MÉXICO.",SECUNDARIA,09DES0095L,ESCUELA SECUNDARIA VÍCTOR HUGO,,X,
IZTACALCO,AGRICOLA ORIENTAL,"CALLE ORIENTE 235 C  S/N, COLONIA AGRICOLA ORIENTAL, ALCALDÍA IZTACALCO, C.P. 08500, CIUDAD DE MÉXICO.",PREESCOLAR,09DJN0542S,JARDÍN DE NIÑOS  FRANCISCO JAVIER MINA,,,X
IZTACALCO,AGRICOLA ORIENTAL,"CALLE SUR 4 A NO.  27, COLONIA AGRICOLA ORIENTAL, ALCALDÍA IZTACALCO, C.P. 08500, CIUDAD DE MÉXICO.",PREESCOLAR,09DJN0773J,JARDÍN DE NIÑOS  IGNACIO MANUEL ALTAMIRANO,,,X
IZTACALCO,AGRICOLA ORIENTAL,"CALLE ORIENTE 245 B Y SUR 16  S/N, COLONIA AGRICOLA ORIENTAL, ALCALDÍA IZTACALCO, C.P. 08500, CIUDAD DE MÉXICO.",PREESCOLAR,09DJN0225E,JARDÍN DE NIÑOS  JOSÉ MARIA VELASCO,,,X
IZTACALCO,SANTA ANITA,"CALLE SABINOS NO.  100, COLONIA SANTA ANITA, ALCALDÍA IZTACALCO, C.P. 08300, CIUDAD DE MÉXICO.",PRIMARIA,09DPR2049U,ESCUELA PRIMARIA AURELIO MANRIQUE,X,,X
IZTACALCO,SANTA ANITA,"CALLE PROL. CANAL NACIONAL   S/N, COLONIA SANTA ANITA, ALCALDÍA IZTACALCO, C.P. 08300, CIUDAD DE MÉXICO.",SECUNDARIA,09DST0001Z,ESCUELA SECUNDARIA TÉCNICA  NO.  1,,,X
IZTACALCO,SANTA ANITA,"CALLE JUAREZ NO.  29, COLONIA SANTA ANITA, ALCALDÍA IZTACALCO, C.P. 08300, CIUDAD DE MÉXICO.",PREESCOLAR,09DJN0785O,JARDÍN DE NIÑOS  CLUB DE LEONES IZTACALCO,,,X
IZTACALCO,SANTA ANITA,"CALLE CORREGIDORA Y COYUYA  S/N, COLONIA SANTA ANITA, ALCALDÍA IZTACALCO, C.P. 08300, CIUDAD DE MÉXICO.",PREESCOLAR,09DJN0326C,JARDÍN DE NIÑOS  XOCHITLALZIN,X,,X
IZTACALCO,UH. HNOS BLANCAS,"CALLE ORIENTE 245 NO.  562, COLONIA UH. HNOS BLANCAS, ALCALDÍA IZTACALCO, C.P. 08500, CIUDAD DE MÉXICO.",SECUNDARIA,09DES0258F,ESCUELA SECUNDARIA LUIS ÁLVAREZ BARRET,,,X
IZTAPALAPA,MIXCOATL,"CALLE CHIMALPOPOCA NO.  1, COLONIA MIXCOATL, ALCALDÍA IZTAPALAPA, C.P. 09750, CIUDAD DE MÉXICO.",PRIMARIA,09DPR4203K,ESCUELA PRIMARIA MÉXICO-JAPÓN,X,,X
IZTAPALAPA,POPULAR ALVARO OBREGON,"CALLE BATALLA DE OCOTLAN  S/N, FRACCIONAMIENTO POPULAR ALVARO OBREGON, ALCALDÍA IZTAPALAPA, C.P. 09230, CIUDAD DE MÉXICO.",SECUNDARIA,09DES0210M,ESCUELA SECUNDARIA EMILIO PORTES GIL,,,X
IZTAPALAPA,RENOVACION,"CALLE DE AVENIDA 4 PONIENTE Y 6 PONIENTE  S/N, COLONIA RENOVACION, ALCALDÍA IZTAPALAPA, C.P. 09209, CIUDAD DE MÉXICO.",PRIMARIA,09DPR5063H,ESCUELA PRIMARIA TLALOC,,,X
IZTAPALAPA,RENOVACION,"CALLE 4 PONIENTE Y 6 PONIENTE  S/N, COLONIA RENOVACION, ALCALDÍA IZTAPALAPA, C.P. 09209, CIUDAD DE MÉXICO.",PREESCOLAR,09DJN1325K,JARDÍN DE NIÑOS  DR. ATL,,,X
IZTAPALAPA,"SAN FRANCISCO APOLOCALCO
 (AMPLIACION EMILIANO ZAPATA)","CALLE APOLOCALCO Y YACAHUITZOTL  S/N, COLONIA SAN FRANCISCO APOLOCALCO, ALCALDÍA IZTAPALAPA, C.P. 09900, CIUDAD DE MÉXICO.

(REUBICADA)",PRIMARIA,09DPR4504G,"ESCUELA PRIMARIA NORMALISMO MEXICANO

(ESCUELA PRIMARIA XIUHZITZQUILI)
 SE INTEGRA EL RECURSO",X,,X
IZTAPALAPA,SANTA MARIA AZTAHUACAN,"CALLE PRIMERA DE AVENIDA MÉXICO. NO.  22, COLONIA SANTA MARIA AZTAHUACAN, ALCALDÍA IZTAPALAPA, C.P. 09500, CIUDAD DE MÉXICO.",PRIMARIA,09DPR2833L,ESCUELA PRIMARIA REPÚBLICA POPULAR SOCIALISTA DE ALBANIA,X,,X
MIGUEL HIDALGO,TACUBAYA,"CALLE RUFINA NO.  53, COLONIA TACUBAYA, ALCALDÍA MIGUEL HIDALGO, C.P. 11870, CIUDAD DE MÉXICO.",PREESCOLAR,09DJN1081F,JARDÍN DE NIÑOS  XLIX LEGISLATURA,,,X
MIGUEL HIDALGO,TORRE BLANCA,"CALLE LAGO GUIJA Y PETEN  S/N, COLONIA TORRE BLANCA, ALCALDÍA MIGUEL HIDALGO, C.P. 11280, CIUDAD DE MÉXICO.",PRIMARIA,09DPR1716P,ESCUELA PRIMARIA FRANCISCO FIGUEROA,,,X
MIGUEL HIDALGO,TORRE BLANCA,"CALLE LAGO IZABAL Y LAGO ILOPANGO  S/N, COLONIA TORRE BLANCA, ALCALDÍA MIGUEL HIDALGO, C.P. 11280, CIUDAD DE MÉXICO.",PRIMARIA,09DPR1688J,ESCUELA PRIMARIA GRAL. PEDRO A. OGAZON,,,X
MIGUEL HIDALGO,TORRE BLANCA,"CALLE PRIMERA DE LEGARIA NO.  29, COLONIA TORRE BLANCA, ALCALDÍA MIGUEL HIDALGO, C.P. 11280, CIUDAD DE MÉXICO.",PREESCOLAR,09DJN0324E,JARDÍN DE NIÑOS  FRIDA KAHLO,,,X
MILPA ALTA,SANTA ANA TLACOTENCO,"CALLE FRANCISCO I. MADERO NO.  15, COLONIA SANTA ANA TLACOTENCO, ALCALDÍA MILPA ALTA, C.P. 12900, CIUDAD DE MÉXICO.",PRIMARIA,09DPR2078P,ESCUELA PRIMARIA FRANCISCO DEL OLMO,,,X
IZTAPALAPA,SAN MIGUEL TEOTONGO,"CALLE 18 DE MARZO NO.  50, COLONIA SAN MIGUEL TEOTONGO, ALCALDÍA IZTAPALAPA, C.P. 09530, CIUDAD DE MÉXICO.",PRIMARIA,09DPR2926A,ESCUELA PRIMARIA RAZON Y FUERZA DE LA REVOLUCION MEXICANA,,X,
MILPA ALTA,SANTA ANA TLACOTENCO,"CALLE TEMIXCO  S/N, COLONIA SANTA ANA TLACOTENCO, ALCALDÍA MILPA ALTA, C.P. 12900, CIUDAD DE MÉXICO.",PRIMARIA,09DPR5152A,ESCUELA PRIMARIA TLAHCUILO,,,X
MILPA ALTA,SANTA ANA TLACOTENCO,"CALLE PROFR RAUL MEJIA ZUNIGA Y PROLONGACION FRANCISCO I. MADERO  S/N, COLONIA SANTA ANA TLACOTENCO, ALCALDÍA MILPA ALTA, C.P. 12900, CIUDAD DE MÉXICO.",SECUNDARIA,09DES0330Z,ESCUELA SECUNDARIA ALTEPECALLI,,,X
MILPA ALTA,SANTA ANA TLACOTENCO,"CALLE HIDALGO NO.  1, COLONIA SANTA ANA TLACOTENCO, ALCALDÍA MILPA ALTA, C.P. 12900, CIUDAD DE MÉXICO.",PREESCOLAR,09DJN0234M,JARDÍN DE NIÑOS  NAHUI-OLLIN,,,X
TLÁHUAC,SANTA CECILIA,"CALLE CL. SONIDO NO.  13 LT-1, COLONIA SANTA CECILIA, ALCALDÍA TLÁHUAC, C.P. 13010, CIUDAD DE MÉXICO.",SECUNDARIA,09DST0046V,ESCUELA SECUNDARIA TÉCNICA  NO. 46,X,,X
TLALPAN,EJIDOS DE PADIERNA,"CALLE TZINAL Y CARRETERA PICACHO AJUSCO (TIZIMIN)  S/N, COLONIA EJIDOS DE PADIERNA, ALCALDÍA TLALPAN, C.P. 14240, CIUDAD DE MÉXICO.",PREESCOLAR,09DJN0770M,JARDÍN DE NIÑOS  ELVIRA JIMENEZ VILLAFUERTE,X,,X
TLALPAN,TLALPAN,"CALLE PARQUE NACIONAL FUENTES BROTANTES NO.  36, COLONIA TLALPAN, ALCALDÍA TLALPAN, C.P. 14410, CIUDAD DE MÉXICO.",PRIMARIA,09DPR0849Z,ESCUELA PRIMARIA JOSÉ AZUETA,X,,X
VENUSTIANO CARRANZA,ADOLFO LOPEZ MATEOS,"CALLE LIC. ERNESTO P. URUCHURTU  S/N, COLONIA ADOLFO LOPEZ MATEOS, ALCALDÍA VENUSTIANO CARRANZA, C.P. 15670, CIUDAD DE MÉXICO.",PRIMARIA,09DPR0996I,ESCUELA PRIMARIA CARMEN SERDAN,X,,X
VENUSTIANO CARRANZA,MICHOACANA,"CALLE ORFEBRERIA Y PELUQUEROS  S/N, COLONIA MICHOACANA, ALCALDÍA VENUSTIANO CARRANZA, C.P. 15240, CIUDAD DE MÉXICO.",SECUNDARIA,09DES0005C,ESCUELA SECUNDARIA LAURO AGUIRRE,X,,X
VENUSTIANO CARRANZA,PEÑON DE LOS BAÑOS,"CALLE QUETZALCOATL  S/N, COLONIA PEÑON DE LOS BAÑOS, ALCALDÍA VENUSTIANO CARRANZA, C.P. 15520, CIUDAD DE MÉXICO.",PRIMARIA,09DPR2205V,ESCUELA PRIMARIA MARRUECOS,,,X
VENUSTIANO CARRANZA,PEÑON DE LOS BAÑOS,"CALLE MATILDE MARQUEZ  S/N, COLONIA PEÑON DE LOS BAÑOS, ALCALDÍA VENUSTIANO CARRANZA, C.P. 15520, CIUDAD DE MÉXICO.",PRIMARIA,09DPR1064F,ESCUELA PRIMARIA MTRO. LAURO AGUIRRE,,,X
TLALPAN,BOSQUE DEL PEDREGAL,"CALLE  JACARANDAS  S/N, COLONIA BOSQUE DEL PEDREGAL, ALCALDÍA TLALPAN, C.P. 14738, CIUDAD DE MÉXICO.",PREESCOLAR,09DJN1021R,JARDÍN DE NIÑOS  TINEMI,,X,
VENUSTIANO CARRANZA,PEÑON DE LOS BAÑOS,"AVENIDA TEXCOCO  S/N, COLONIA PEÑON DE LOS BAÑOS, ALCALDÍA VENUSTIANO CARRANZA, C.P. 15520, CIUDAD DE MÉXICO.",SECUNDARIA,09DES0156I,ESCUELA SECUNDARIA PABLO NERUDA,,,X
VENUSTIANO CARRANZA,PEÑON DE LOS BAÑOS,"CALLE PUERTO AEREO Y ORIENTE 33  S/N, COLONIA PEÑON DE LOS BAÑOS, ALCALDÍA VENUSTIANO CARRANZA, C.P. 15520, CIUDAD DE MÉXICO.",PREESCOLAR,09DJN1182D,JARDÍN DE NIÑOS  CAPITAN EMILIO CARRANZA,,,X
XOCHIMILCO,SANTA MARIA NATIVITAS,"CALLE NARCISO MENDOZA NO.  19, COLONIA SANTA MARIA NATIVITAS, ALCALDÍA XOCHIMILCO, C.P. 16450, CIUDAD DE MÉXICO.",PRIMARIA,09DPR2028H,ESCUELA PRIMARIA CARLOS GARCÍA,,,X
XOCHIMILCO,SANTA MARIA NATIVITAS,"CALLE CAMINO VIEJO A SAN LORENZO  S/N, COLONIA SANTA MARIA NATIVITAS, ALCALDÍA XOCHIMILCO, C.P. 16450, CIUDAD DE MÉXICO.",PRIMARIA,09DPR2068I,ESCUELA PRIMARIA ITZCOATL,,,X
XOCHIMILCO,SANTA MARIA NATIVITAS,"CALLE CAMINO VIEJO A SAN LORENZO (CRUZ Y JUAREZ)  S/N, COLONIA SANTA MARIA NATIVITAS, ALCALDÍA XOCHIMILCO, C.P. 16450, CIUDAD DE MÉXICO.",SECUNDARIA,09DES0250N,ESCUELA SECUNDARIA JESÚS M. SOTELO E INCLÁN,,,X
XOCHIMILCO,XOCHIPILLI,"CALLE TERCERA MEXOCHITL  S/N, COLONIA XOCHIPILLI, ALCALDÍA XOCHIMILCO, C.P. 16430, CIUDAD DE MÉXICO.",PREESCOLAR,09DJN1116E,JARDÍN DE NIÑOS  PROFR. LUCAS ORTIZ BENITEZ,X,,X
IZTACALCO,GRANJAS MEXICO,"CALLE AZAFRAN ENTRE BREA Y CHICLE NO. 152, COLONIA GRANJAS MÉXICO., ALCALDÍA IZTACALCO, C.P. 08400, CIUDAD DE MÉXICO.",INICIAL,09DDI0022N,ESCUELA DE EDUCACIÓN INICIAL CAI SEP NO 22 ANTON MAKARENKO,x,,
GUSTAVO A. MADERO,CONSTITUCION DE LA REPUBLICA,"CALLE BLAS BALCARCEL Y LUIS DE LA ROSA S/N, COLONIA CONSTITUCION DE LA REPUBLICA, ALCALDÍA GUSTAVO A. MADERO, C.P. 07460, CIUDAD DE MÉXICO.",SECUNDARIA,09DES0063T,ESCUELA SECUNDARIA ÁNGEL MIRANDA BASURTO,x,,
VENUSTIANO CARRANZA,VALLE GOMEZ,"CALLE PLOMO NO. 195, COLONIA VALLE GOMEZ, ALCALDÍA VENUSTIANO CARRANZA, C.P. 15210, CIUDAD DE MÉXICO.",SECUNDARIA,09DES0089A,ESCUELA SECUNDARIA REPÚBLICA DE ECUADOR,x,,
VENUSTIANO CARRANZA,NICOLAS BRAVO,"CALLE 14, COBRE Y CANANEA S/N, COLONIA NICOLAS BRAVO, ALCALDÍA VENUSTIANO CARRANZA, C.P. 15220, CIUDAD DE MÉXICO.",SECUNDARIA,09DES0104C,ESCUELA SECUNDARIA EZEQUIEL A. CHÁVEZ,x,,
TLALPAN,EL ARENAL TEPEPAN,"CALLE TLALPAN Y CAMINO A TEPEPAN S/N, COLONIA EL ARENAL TEPEPAN, ALCALDÍA TLALPAN, C.P. 14000, CIUDAD DE MÉXICO.",SECUNDARIA,09DES0125P,ESCUELA SECUNDARIA PABLO CASALS,x,,
GUSTAVO A. MADERO,PROVIDENCIA,"CALLE CONSTITUCION DE LA REPUBLICA Y COAHUILA NO. 1, COLONIA PROVIDENCIA, ALCALDÍA GUSTAVO A. MADERO, C.P. 07550, CIUDAD DE MÉXICO.",SECUNDARIA,09DES0147A,ESCUELA SECUNDARIA OTILIO EDMUNDO MONTAÑO SÁNCHEZ,x,,
IZTAPALAPA,LEYES DE REFORMA,"CALLE LEYES DE REFORMA Y GUERRA DE REFORMA S/N, COLONIA LEYES DE REFORMA, ALCALDÍA IZTAPALAPA, C.P. 09310, CIUDAD DE MÉXICO.",SECUNDARIA,09DES0163S,ESCUELA SECUNDARIA FRANCISCO JAVIER MINA,x,,
CUAJIMALPA DE MORELOS,EL CONTADERO,"CALLE 16 DE SEPTIEMBRE NO. 51, COLONIA EL CONTADERO, ALCALDÍA CUAJIMALPA DE MORELOS, C.P. 05500, CIUDAD DE MÉXICO.",SECUNDARIA,09DES0211L,ESCUELA SECUNDARIA ANTONIO CASTRO LEAL,x,,
IZTAPALAPA,ERMITA ZARAGOZA,"CALLE CHILPANCINGO SUR Y NORTE S/N, UNIDAD HABITACIONAL ERMITA ZARAGOZA, ALCALDÍA IZTAPALAPA, C.P. 09180, CIUDAD DE MÉXICO.",SECUNDARIA,09DES0214I,ESCUELA SECUNDARIA CARLOS MARX,x,,
IZTAPALAPA,LA REGADERA,"CALLE AMERICA Y ESTEBAN CORONADO S/N, COLONIA LA REGADERA, ALCALDÍA IZTAPALAPA, C.P. 09250, CIUDAD DE MÉXICO.",SECUNDARIA,09DES0235V,ESCUELA SECUNDARIA JOSÉ CLEMENTE OROZCO,x,,
AZCAPOTZALCO,EUZKADI,"CALLE JARDIN Y BOULEVARD DE FERROCARRIL S/N, COLONIA EUZKADI, ALCALDÍA AZCAPOTZALCO, C.P. 02660, CIUDAD DE MÉXICO.",SECUNDARIA,09DES0242E,ESCUELA SECUNDARIA MARGARITA DE GORTARI CARVAJAL DE SALINAS,x,,
ALVARO OBREGÓN,COLINAS DEL SUR,"CALLE CORCELES Y CORRIDO S/N, COLONIA COLINAS DEL SUR, ALCALDÍA ALVARO OBREGÓN, C.P. 01430, CIUDAD DE MÉXICO.",SECUNDARIA,09DES0243D,ESCUELA SECUNDARIA SECUNDARIA FEDERAL,x,,
IZTAPALAPA,SAN MIGUEL TEOTONGO TORRES MERCED,"CALLE TOMACOCO Y AVENIDA DE LAS TORRES Y LAS AMERICAS S/N, COLONIA SAN MIGUEL TEOTONGO TORRES MERCED, ALCALDÍA IZTAPALAPA, C.P. 09630, CIUDAD DE MÉXICO.",SECUNDARIA,09DES0267N,ESCUELA SECUNDARIA TEODORO FLORES,x,,
IZTAPALAPA,LAS PEÑAS,"CALLE PLATON SANCHEZ Y CLAVEL S/N, COLONIA LAS PEÑAS, ALCALDÍA IZTAPALAPA, C.P. 09750, CIUDAD DE MÉXICO.",SECUNDARIA,09DES0287A,ESCUELA SECUNDARIA JULIO VERNE,x,,
VENUSTIANO CARRANZA,AMPLIACION 20 DE NOVIEMBRE,"CALLE ANILLO DE CIRCUNVALACIÓN NO. 87, COLONIA AMPLIACION 20 DE NOVIEMBRE , ALCALDÍA VENUSTIANO CARRANZA, C.P. 15260, CIUDAD DE MÉXICO.",PRIMARIA,09DIX0017P,"ESCUELA PRIMARIA FRANCISCO I. MADERO ""INTERNADO 17""",x,,
GUSTAVO A. MADERO,SAN JUAN DE ARAGON,"CALLE 531 MANZANA 5 NO. 173, UNIDAD HABITACIONAL SAN JUAN DE ARAGON, ALCALDÍA GUSTAVO A. MADERO, C.P. 07920, CIUDAD DE MÉXICO.",PREESCOLAR,09DJN0180Z,JARDÍN DE NIÑOS MARIA CRISTINA VELASCO GARDUÑO,x,,
GUSTAVO A. MADERO,TEPEYAC INSURGENTES (XOCOMETLA),"CALLE HABANA Y MONTIEL S/N, COLONIA TEPEYAC INSURGENTES (XOCOMETLA), ALCALDÍA GUSTAVO A. MADERO, C.P. 07020, CIUDAD DE MÉXICO.",PREESCOLAR,09DJN0195A,JARDÍN DE NIÑOS 18 DE MARZO,x,,
AZCAPOTZALCO,DEL GAS,"CALLE CIPRES NO. 4110, COLONIA DEL GAS, ALCALDÍA AZCAPOTZALCO, C.P. 02950, CIUDAD DE MÉXICO.",PREESCOLAR,09DJN0217W,JARDÍN DE NIÑOS LIC. ALVARO GALVEZ Y FUENTES,x,,
ALVARO OBREGÓN,PILOTO ADOLFO LOPEZ MATEOS,"CALLE PUERTO KINO MANZANA A LOTE 3 Y 4 S/N, COLONIA PILOTO ADOLFO LOPEZ MATEOS, ALCALDÍA ALVARO OBREGÓN, C.P. 01290, CIUDAD DE MÉXICO.",PREESCOLAR,09DJN0236K,JARDÍN DE NIÑOS PAULO FREIRE,x,,
ALVARO OBREGÓN,AXOTLA,"CALLE PORVENIR NO. 29, PUEBLO AXOTLA, ALCALDÍA ALVARO OBREGÓN, C.P. 01030, CIUDAD DE MÉXICO.",PREESCOLAR,09DJN0521F,JARDÍN DE NIÑOS SILVESTRE REVUELTAS,x,,
ALVARO OBREGÓN,HERON PROAL,"CALLE CENTENARIO Y CALLE 1 S/N, COLONIA HERON PROAL, ALCALDÍA ALVARO OBREGÓN, C.P. 01640, CIUDAD DE MÉXICO.",PREESCOLAR,09DJN0673K,JARDÍN DE NIÑOS JOSÉ JOAQUIN FERNANDEZ DE LIZARDI,x,,
ALVARO OBREGÓN,ESTADO DE HIDALGO,"CALLE EL CHICO NO. 51, COLONIA ESTADO DE HIDALGO, ALCALDÍA ALVARO OBREGÓN, C.P. 01120, CIUDAD DE MÉXICO.",PREESCOLAR,09DJN0735G,JARDÍN DE NIÑOS ALFREDO B. NOBEL,x,,
CUAUHTÉMOC,CONDESA,"CALLE JUAN ESCUTIA NO. 112, COLONIA CONDESA, ALCALDÍA CUAUHTÉMOC, C.P. 06140, CIUDAD DE MÉXICO.",PREESCOLAR,09DJN0748K,JARDÍN DE NIÑOS UNIDAD ARTISTICA Y CULTURAL DEL BOSQUE,x,,
AZCAPOTZALCO,TEZOZOMOC,"CALLE TLAHUICAS S/N, COLONIA TEZOZOMOC, ALCALDÍA AZCAPOTZALCO, C.P. 02450, CIUDAD DE MÉXICO.",PREESCOLAR,09DJN0776G,JARDÍN DE NIÑOS AMANECER,x,,
ALVARO OBREGÓN,CAÑADA,"CALLE URBINA S/N, COLONIA CAÑADA, ALCALDÍA ALVARO OBREGÓN, C.P. 01200, CIUDAD DE MÉXICO.",PREESCOLAR,09DJN0841Q,JARDÍN DE NIÑOS DR. ARNOLD GESELL,x,,
GUSTAVO A. MADERO,EL ARBOLILLO II,"CALLE CHALMITA TENAYUCA S/N, UNIDAD HABITACIONAL EL ARBOLILLO II, ALCALDÍA GUSTAVO A. MADERO, C.P. 07240, CIUDAD DE MÉXICO.",PREESCOLAR,09DJN1270Y,JARDÍN DE NIÑOS LUIS GONZÁLEZ OBREGON,x,,
GUSTAVO A. MADERO,LUIS DONALDO COLOSIO MURRIETA,"CALLE ARROYO ARMELLA S/N, COLONIA LUIS DONALDO COLOSIO MURRIETA, ALCALDÍA GUSTAVO A. MADERO, C.P. 07050, CIUDAD DE MÉXICO.",PREESCOLAR,09DJN1365L,JARDÍN DE NIÑOS DEMETRIO SODI PALLARES,x,,
TLALPAN,SAN MIGUEL XICALCO,"CALLE EMILIANO ZAPATA NO. 69, COLONIA SAN MIGUEL XICALCO, ALCALDÍA TLALPAN, C.P. 14490, CIUDAD DE MÉXICO.",ESPECIAL,09DML0024G,ESCUELA DE EDUCACION ESPECIAL - CAM CENTRO DE ATENCIÓN MÚLTIPLE NO. 69,x,,
MIGUEL HIDALGO,DANIEL GARZA,"CALLE GENERAL JOSE MORAN NO. 36, AMPLIACION DANIEL GARZA, ALCALDÍA MIGUEL HIDALGO, C.P. 11840, CIUDAD DE MÉXICO.",ESPECIAL,09DML0035M,ESCUELA DE EDUCACION ESPECIAL - CAM CENTRO DE ATENCIÓN MÚLTIPLE NO. 34,x,,
CUAUHTÉMOC,UH NONOALCO TLATELOLCO,"CALLE RICARDO FLORES MAGON NO. 276, UNIDAD HABITACIONAL UH NONOALCO TLATELOLCO , ALCALDÍA CUAUHTÉMOC, C.P. 06900, CIUDAD DE MÉXICO.",ESPECIAL,09DML0068D,ESCUELA DE EDUCACION ESPECIAL - CAM CENTRO DE ATENCIÓN MÚLTIPLE NO. 33,x,,
COYOACÁN,(SANTA CATARINA) VIVEROS DE COYOACAN,"CALLE CALLEJON TORRESCO No 7 , BARRIO (SANTA CATARINA) VIVEROS DE COYOACAN, ALCALDÍA COYOACÁN, C.P. 04010, CIUDAD DE MÉXICO.",ESPECIAL,09DML0087S,CENTRO DE ATENCIÓN MÚLTIPLE No. 92,x,,
IZTAPALAPA,JUAN ESCUTIA,"CALLE QUINTA DE JUAN ENRIQUEZ NO. 33, COLONIA JUAN ESCUTIA, ALCALDÍA IZTAPALAPA, C.P. 09100, CIUDAD DE MÉXICO.",PRIMARIA,09DPR1010B,ESCUELA PRIMARIA VOCEADORES DE MÉXICO,x,,
VENUSTIANO CARRANZA,JARDIN BALBUENA,"CALLE RT 32 DE GENEARO GARCIA S/N, COLONIA JARDIN BALBUENA, ALCALDÍA VENUSTIANO CARRANZA, C.P. 15900, CIUDAD DE MÉXICO.",PRIMARIA,09DPR1034L,ESCUELA PRIMARIA REPÚBLICA DE LIBERIA,x,,
CUAUHTÉMOC,NONOALCO TLATELOLCO,"CALLE MANUEL GONZALEZ NO. 396, UNIDAD HABITACIONAL NONOALCO TLATELOLCO, ALCALDÍA CUAUHTÉMOC, C.P. 06900, CIUDAD DE MÉXICO.",PRIMARIA,09DPR1134K,ESCUELA PRIMARIA I.S.S.S.T.E.,x,,
GUSTAVO A. MADERO,SAN JUAN DE ARAGON,"CALLE 483 Y PLAZA 31 NO. 200, UNIDAD HABITACIONAL SAN JUAN DE ARAGON, ALCALDÍA GUSTAVO A. MADERO, C.P. 07920, CIUDAD DE MÉXICO.",PRIMARIA,09DPR1379E,ESCUELA PRIMARIA LUIS MARTÍNEZ  MURILLO,x,,
GUSTAVO A. MADERO,SAN PEDRO EL CHICO,"CALLE NORTE 84 A NO. 6618, COLONIA SAN PEDRO EL CHICO, ALCALDÍA GUSTAVO A. MADERO, C.P. 07480, CIUDAD DE MÉXICO.",PRIMARIA,09DPR1474I,ESCUELA PRIMARIA ENRIQUE GONZÁLEZ MARTINEZ,x,,
GUSTAVO A. MADERO,SAN JUAN DE ARAGON,"CALLE 585 NO. 28, UNIDAD HABITACIONAL SAN JUAN DE ARAGON, ALCALDÍA GUSTAVO A. MADERO, C.P. 07920, CIUDAD DE MÉXICO.",PRIMARIA,09DPR1542P,ESCUELA PRIMARIA MOCTEZUMA ILHUICAMINA,x,,
MIGUEL HIDALGO,ANAHUAC,"CALLE LAGO LADOGA NO. 300, COLONIA ANAHUAC, ALCALDÍA MIGUEL HIDALGO, C.P. 11320, CIUDAD DE MÉXICO.",PRIMARIA,09DPR1696S,ESCUELA PRIMARIA MODELO,x,,
MIGUEL HIDALGO,LEGARIA,"CALLE LAGO ONTARIO Y LAGO WINNIPEG S/N, COLONIA LEGARIA, ALCALDÍA MIGUEL HIDALGO, C.P. 11410, CIUDAD DE MÉXICO.",PRIMARIA,09DPR1720B,ESCUELA PRIMARIA ESTADO DE GUERRERO,x,,
MIGUEL HIDALGO,UN HOGAR PARA NOSOTROS,"CALLE MÉXICO. TACUBA NO. 75, COLONIA UN HOGAR PARA NOSOTROS, ALCALDÍA MIGUEL HIDALGO, C.P. 11330, CIUDAD DE MÉXICO.",PRIMARIA,09DPR1839Z,ESCUELA PRIMARIA LUIS HIDALGO MONROY (ANEXA A LA EBNM),x,,
COYOACÁN,ADOLFO RUIZ CORTINES,"CALLE TECACALO Y PEHUAME S/N, COLONIA ADOLFO RUIZ CORTINES, ALCALDÍA COYOACÁN, C.P. 04630, CIUDAD DE MÉXICO.",PRIMARIA,09DPR1958M,ESCUELA PRIMARIA LIBERAL,x,,
GUSTAVO A. MADERO,NUEVA TENOCHTITLAN,"CALLE INGENIERO EDUARDO MOLINA Y ORIENTE 95 S/N, COLONIA NUEVA TENOCHTITLAN, ALCALDÍA GUSTAVO A. MADERO, C.P. 07890, CIUDAD DE MÉXICO.",PRIMARIA,09DPR2203X,ESCUELA PRIMARIA PROFR. BENJAMIN GURROLA CARRERA,x,,
GUSTAVO A. MADERO,LA PRADERA,"CALLE VOLCAN IZTACCIHUATL Y LOS PINOS NO. 90, COLONIA LA PRADERA, ALCALDÍA GUSTAVO A. MADERO, C.P. 07500, CIUDAD DE MÉXICO.",PRIMARIA,09DPR2566F,ESCUELA PRIMARIA JUAN JACOBO ROUSSEAU,x,,
TLALPAN,TEPEXIMILPA SERVIMET,"CALLE LOMA BONITA S/N, COLONIA TEPEXIMILPA SERVIMET, ALCALDÍA TLALPAN, C.P. 14427, CIUDAD DE MÉXICO.",PRIMARIA,09DPR2624F,PRIMARIA PROFR. SOSTENES NICOLAS CHAPA NIETO,x,,
TLALPAN,SANTA URSULA XITLA,"CALLE SANTA URSULA NO. 22, COLONIA SANTA URSULA XITLA, ALCALDÍA TLALPAN, C.P. 14420, CIUDAD DE MÉXICO.",PRIMARIA,09DPR2816V,ESCUELA PRIMARIA ESTADO DE QUERETARO,x,,
IZTAPALAPA,ERMITA ZARAGOZA,"CALLE CHITO VILLAGRAN, SEGUNDA SECCION NO. 36, UNIDAD HABITACIONAL ERMITA ZARAGOZA, ALCALDÍA IZTAPALAPA, C.P. 09180, CIUDAD DE MÉXICO.",PRIMARIA,09DPR3126P,ESCUELA PRIMARIA EL SEGURO DEL MAESTRO,x,,
IZTAPALAPA,SAN FRANCISCO APOLOCALCO,"CALLE APOLOCALCO Y YACAHUITZOTL S/N, COLONIA SAN FRANCISCO APOLOCALCO, ALCALDÍA IZTAPALAPA, C.P. 09900, CIUDAD DE MÉXICO.",PRIMARIA,09DPR5067D,"ESCUELA PRIMARIA XIUHZITZQUILI

(SE INTEGRAN RECURSOS ""NORMALISMO MEX"")",x,,
TLALPAN,CRUZ DEL FAROL,"CALLE SAUS TOSTADO S/N, COLONIA CRUZ DEL FAROL, ALCALDÍA TLALPAN, C.P. 14248, CIUDAD DE MÉXICO.",PRIMARIA,09DPR5100V,ESCUELA PRIMARIA JOSÉ MARIA CHAVEZ ANDRADE,x,,
IZTAPALAPA,SAN ANDRES TETEPILCO,"CALLE GRAN BRETAÑA NO. 147, COLONIA SAN ANDRES TETEPILCO, ALCALDÍA IZTAPALAPA, C.P. 09440, CIUDAD DE MÉXICO.",SECUNDARIA,09DST0025I,ESCUELA SECUNDARIA TÉCNICA NO. 25,x,,
CUAJIMALPA DE MORELOS,GRANJAS NAVIDAD,"CALLE HERMANDAD Y EBANO S/N, COLONIA GRANJAS NAVIDAD, ALCALDÍA CUAJIMALPA DE MORELOS, C.P. 05210, CIUDAD DE MÉXICO.",SECUNDARIA,09DST0048T,ESCUELA SECUNDARIA TÉCNICA NO. 48,x,,
,,,,,PLANTELES QUE SUMARAN SUS RECURSOS,,,
,,,,,PLANTELES CON MANDATO JUDICIAL - ATTE CON ALCALDÍA-,,,
