numero,codigo,alcaldia,colonia,direccion,nivel,cct,escuela
1,GM361,GUSTAVO A. MADERO,SAN JUAN DE ARAGON,"CALLE 483 Y PLAZA 31 NO.  200, UNIDAD HABITACIONAL SAN JUAN DE ARAGON, ALCALDÍA GUSTAVO A. MADERO, C.P. 07920, CIUDAD DE MÉXICO.",PRIMARIA,09DPR1379E,ESCUELA PRIMARIA LUIS MARTÍNEZ  MURILLO
2,MH113,MIGUEL HIDALGO,ANAHUAC,"CALLE LAGO LADOGA NO.  300, COLONIA ANAHUAC, ALCALDÍA MIGUEL HIDALGO, C.P. 11320, CIUDAD DE MÉXICO.",PRIMARIA,09DPR1696S,ESCUELA PRIMARIA MODELO
3,IP103,IZTAPALAPA,ERMITA ZARAGOZA,"CALLE CHITO VILLAGRAN, SEGUNDA SECCION NO.  36, UNIDAD HABITACIONAL ERMITA ZARAGOZA, ALCALDÍA IZTAPALAPA, C.P. 09180, CIUDAD DE MÉXICO.",PRIMARIA,09DPR3126P,ESCUELA PRIMARIA EL SEGURO DEL MAESTRO
4,TP150,TLALPAN,TEPEXIMILPA SERVIMET,"CALLE LOMA BONITA  S/N, COLONIA TEPEXIMILPA SERVIMET, ALCALDÍA TLALPAN, C.P. 14427, CIUDAD DE MÉXICO.",PRIMARIA,09DPR2624F,ESCUELA PRIMARIA PROFR. SOSTENES NICOLAS CHAPA NIETO
5,CT204,CUAUHTÉMOC,CONDESA,"CALLE JUAN ESCUTIA  NO.  112, COLONIA CONDESA, ALCALDÍA CUAUHTÉMOC, C.P. 06140, CIUDAD DE MÉXICO.",PREESCOLAR,09DJN0748K,JARDÍN DE NIÑOS  UNIDAD ARTISTICA Y CULTURAL DEL BOSQUE
6,MH031,MIGUEL HIDALGO,DANIEL GARZA,"CALLE GENERAL JOSE MORAN NO.  36, AMPLIACION DANIEL GARZA, ALCALDÍA MIGUEL HIDALGO, C.P. 11840, CIUDAD DE MÉXICO.",ESPECIAL,09DML0035M,ESCUELA DE EDUCACION ESPECIAL - CAM CENTRO DE ATENCIÓN MÚLTIPLE NO. 34
7,AO113,ALVARO OBREGÓN,CAÑADA,"CALLE URBINA   S/N, COLONIA CAÑADA, ALCALDÍA ALVARO OBREGÓN, C.P. 01200, CIUDAD DE MÉXICO.",PREESCOLAR,09DJN0841Q,JARDÍN DE NIÑOS  DR. ARNOLD GESELL
8,AO100,ALVARO OBREGÓN,ESTADO DE HIDALGO,"CALLE EL CHICO  NO.  51, COLONIA ESTADO DE HIDALGO, ALCALDÍA ALVARO OBREGÓN, C.P. 01120, CIUDAD DE MÉXICO.",PREESCOLAR,09DJN0735G,JARDÍN DE NIÑOS  ALFREDO B. NOBEL
9,AZ008,AZCAPOTZALCO,TEZOZOMOC,"CALLE TLAHUICAS  S/N, COLONIA TEZOZOMOC, ALCALDÍA AZCAPOTZALCO, C.P. 02450, CIUDAD DE MÉXICO.",PREESCOLAR,09DJN0776G,JARDÍN DE NIÑOS  AMANECER
10,AZ080,AZCAPOTZALCO,DEL GAS,"CALLE CIPRES  NO.  4110, COLONIA DEL GAS, ALCALDÍA AZCAPOTZALCO, C.P. 02950, CIUDAD DE MÉXICO.",PREESCOLAR,09DJN0217W,JARDÍN DE NIÑOS  LIC. ALVARO GALVEZ Y FUENTES
11,GM157,GUSTAVO A. MADERO,EL ARBOLILLO II,"CALLE CHALMITA TENAYUCA  S/N, UNIDAD HABITACIONAL EL ARBOLILLO II, ALCALDÍA GUSTAVO A. MADERO, C.P. 07240, CIUDAD DE MÉXICO.",PREESCOLAR,09DJN1270Y,JARDÍN DE NIÑOS  LUIS GONZÁLEZ OBREGON
12,GM004,GUSTAVO A. MADERO,TEPEYAC INSURGENTES (XOCOMETLA),"CALLE HABANA Y MONTIEL  S/N, COLONIA TEPEYAC INSURGENTES (XOCOMETLA), ALCALDÍA GUSTAVO A. MADERO, C.P. 07020, CIUDAD DE MÉXICO.",PREESCOLAR,09DJN0195A,JARDÍN DE NIÑOS  18 DE MARZO
13,CT111,CUAUHTÉMOC,NONOALCO TLATELOLCO,"CALLE MANUEL GONZALEZ  NO.  396, UNIDAD HABITACIONAL NONOALCO TLATELOLCO, ALCALDÍA CUAUHTÉMOC, C.P. 06900, CIUDAD DE MÉXICO.",PRIMARIA,09DPR1134K,ESCUELA PRIMARIA I.S.S.S.T.E.
14,VC048,VENUSTIANO CARRANZA,AMPLIACION 20 DE NOVIEMBRE,"CALLE ANILLO DE CIRCUNVALACIÓN  NO.  87, COLONIA AMPLIACION 20 DE NOVIEMBRE , ALCALDÍA VENUSTIANO CARRANZA, C.P. 15260, CIUDAD DE MÉXICO.",PRIMARIA,09DIX0017P,"ESCUELA PRIMARIA FRANCISCO I. MADERO ""INTERNADO 17"""
15,GM062,GUSTAVO A. MADERO,LUIS DONALDO COLOSIO MURRIETA,"CALLE ARROYO ARMELLA  S/N, COLONIA LUIS DONALDO COLOSIO MURRIETA, ALCALDÍA GUSTAVO A. MADERO, C.P. 07050, CIUDAD DE MÉXICO.",PREESCOLAR,09DJN1365L,JARDÍN DE NIÑOS  DEMETRIO SODI PALLARES
16,IP398,IZTAPALAPA,SAN MIGUEL TEOTONGO TORRES MERCED,"CALLE TOMACOCO Y AVENIDA DE LAS TORRES Y LAS AMERICAS  S/N, COLONIA SAN MIGUEL TEOTONGO TORRES MERCED, ALCALDÍA IZTAPALAPA, C.P. 09630, CIUDAD DE MÉXICO.",SECUNDARIA,09DES0267N,ESCUELA SECUNDARIA TEODORO FLORES
17,IP231,IZTAPALAPA,LAS PEÑAS,"CALLE PLATON SANCHEZ Y CLAVEL  S/N, COLONIA LAS PEÑAS, ALCALDÍA IZTAPALAPA, C.P. 09750, CIUDAD DE MÉXICO.",SECUNDARIA,09DES0287A,ESCUELA SECUNDARIA JULIO VERNE
18,IP429,IZTAPALAPA,SAN FRANCISCO APOLOCALCO,"CALLE APOLOCALCO Y YACAHUITZOTL  S/N, COLONIA SAN FRANCISCO APOLOCALCO, ALCALDÍA IZTAPALAPA, C.P. 09900, CIUDAD DE MÉXICO.",PRIMARIA,09DPR5067D,ESCUELA PRIMARIA XIUHZITZQUILI
19,VC108,VENUSTIANO CARRANZA,JARDIN BALBUENA,"CALLE RT 32 DE GENEARO GARCIA   S/N, COLONIA JARDIN BALBUENA, ALCALDÍA VENUSTIANO CARRANZA, C.P. 15900, CIUDAD DE MÉXICO.",PRIMARIA,09DPR1034L,ESCUELA PRIMARIA REPÚBLICA DE LIBERIA
20,IP423,IZTAPALAPA,JUAN ESCUTIA,"CALLE QUINTA DE JUAN ENRIQUEZ NO.  33, COLONIA JUAN ESCUTIA, ALCALDÍA IZTAPALAPA, C.P. 09100, CIUDAD DE MÉXICO.",PRIMARIA,09DPR1010B,ESCUELA PRIMARIA VOCEADORES DE MÉXICO
21,IP118,IZTAPALAPA,SAN ANDRES TETEPILCO,"CALLE GRAN BRETAÑA  NO.  147, COLONIA SAN ANDRES TETEPILCO, ALCALDÍA IZTAPALAPA, C.P. 09440, CIUDAD DE MÉXICO.",SECUNDARIA,09DST0025I,ESCUELA SECUNDARIA TÉCNICA  NO.  25
22,IP058,IZTAPALAPA,ERMITA ZARAGOZA,"CALLE CHILPANCINGO SUR Y NORTE  S/N, UNIDAD HABITACIONAL ERMITA ZARAGOZA, ALCALDÍA IZTAPALAPA, C.P. 09180, CIUDAD DE MÉXICO.",SECUNDARIA,09DES0214I,ESCUELA SECUNDARIA CARLOS MARX
23,CT211,CUAUHTÉMOC,UH NONOALCO TLATELOLCO,"CALLE RICARDO FLORES MAGON  NO.  276, UNIDAD HABITACIONAL UH NONOALCO TLATELOLCO , ALCALDÍA CUAUHTÉMOC, C.P. 06900, CIUDAD DE MÉXICO.",ESPECIAL,09DML0068D,ESCUELA DE EDUCACION ESPECIAL - CAM CENTRO DE ATENCIÓN MÚLTIPLE NO. 33
24,AO137,ALVARO OBREGÓN,HERON PROAL,"CALLE CENTENARIO Y CALLE 1  S/N, COLONIA HERON PROAL, ALCALDÍA ALVARO OBREGÓN, C.P. 01640, CIUDAD DE MÉXICO.",PREESCOLAR,09DJN0673K,JARDÍN DE NIÑOS  JOSÉ JOAQUIN FERNANDEZ DE LIZARDI
25,MH063,MIGUEL HIDALGO,LEGARIA,"CALLE LAGO ONTARIO Y LAGO WINNIPEG  S/N, COLONIA LEGARIA, ALCALDÍA MIGUEL HIDALGO, C.P. 11410, CIUDAD DE MÉXICO.",PRIMARIA,09DPR1720B,ESCUELA PRIMARIA ESTADO DE GUERRERO
26,TP120,TLALPAN,SAN MIGUEL XICALCO,"CALLE EMILIANO ZAPATA NO.  69, COLONIA SAN MIGUEL XICALCO, ALCALDÍA TLALPAN, C.P. 14490, CIUDAD DE MÉXICO.",ESPECIAL,09DML0024G,ESCUELA DE EDUCACION ESPECIAL - CAM CENTRO DE ATENCIÓN MÚLTIPLE NO. 69
27,GM135,GUSTAVO A. MADERO,LA PRADERA,"CALLE VOLCAN IZTACCIHUATL Y LOS PINOS NO.  90, COLONIA LA PRADERA, ALCALDÍA GUSTAVO A. MADERO, C.P. 07500, CIUDAD DE MÉXICO.",PRIMARIA,09DPR2566F,ESCUELA PRIMARIA JUAN JACOBO ROUSSEAU
28,AO060,ALVARO OBREGÓN,PILOTO ADOLFO LOPEZ MATEOS,"CALLE PUERTO KINO MANZANA A LOTE 3 Y 4  S/N, COLONIA PILOTO ADOLFO LOPEZ MATEOS, ALCALDÍA ALVARO OBREGÓN, C.P. 01290, CIUDAD DE MÉXICO.",PREESCOLAR,09DJN0236K,JARDÍN DE NIÑOS  PAULO FREIRE
29,GM309,GUSTAVO A. MADERO,SAN PEDRO EL CHICO,"CALLE NORTE 84 A NO.  6618, COLONIA SAN PEDRO EL CHICO, ALCALDÍA GUSTAVO A. MADERO, C.P. 07480, CIUDAD DE MÉXICO.",PRIMARIA,09DPR1474I,ESCUELA PRIMARIA ENRIQUE GONZÁLEZ MARTINEZ
30,AO181,ALVARO OBREGÓN,AXOTLA,"CALLE PORVENIR  NO.  29, PUEBLO AXOTLA, ALCALDÍA ALVARO OBREGÓN, C.P. 01030, CIUDAD DE MÉXICO.",PREESCOLAR,09DJN0521F,JARDÍN DE NIÑOS  SILVESTRE REVUELTAS
31,AO177,ALVARO OBREGÓN,COLINAS DEL SUR,"CALLE CORCELES Y CORRIDO  S/N, COLONIA COLINAS DEL SUR, ALCALDÍA ALVARO OBREGÓN, C.P. 01430, CIUDAD DE MÉXICO.",SECUNDARIA,09DES0243D,ESCUELA SECUNDARIA SECUNDARIA FEDERAL
32,TP129,TLALPAN,SANTA URSULA XITLA,"CALLE SANTA URSULA NO.  22, COLONIA SANTA URSULA XITLA, ALCALDÍA TLALPAN, C.P. 14420, CIUDAD DE MÉXICO.",PRIMARIA,09DPR2816V,ESCUELA PRIMARIA ESTADO DE QUERETARO
33,TP055,TLALPAN,CRUZ DEL FAROL,"CALLE SAUS TOSTADO   S/N, COLONIA CRUZ DEL FAROL, ALCALDÍA TLALPAN, C.P. 14248, CIUDAD DE MÉXICO.",PRIMARIA,09DPR5100V,ESCUELA PRIMARIA JOSÉ MARIA CHAVEZ ANDRADE
34,GM382,GUSTAVO A. MADERO,NUEVA TENOCHTITLAN,"CALLE INGENIERO EDUARDO MOLINA Y ORIENTE 95  S/N, COLONIA NUEVA TENOCHTITLAN, ALCALDÍA GUSTAVO A. MADERO, C.P. 07890, CIUDAD DE MÉXICO.",PRIMARIA,09DPR2203X,ESCUELA PRIMARIA PROFR. BENJAMIN GURROLA CARRERA
35,CY085,COYOACÁN,(SANTA CATARINA) VIVEROS DE COYOACAN,"CALLE CALLEJON TORRESCO No 7 , BARRIO (SANTA CATARINA) VIVEROS DE COYOACAN, ALCALDÍA COYOACÁN, C.P. 04010, CIUDAD DE MÉXICO.",ESPECIAL,09DML0087S,CENTRO DE ATENCIÓN MÚLTIPLE No. 92
36,MH018,MIGUEL HIDALGO,UN HOGAR PARA NOSOTROS,"CALLE MÉXICO. TACUBA NO.  75, COLONIA UN HOGAR PARA NOSOTROS, ALCALDÍA MIGUEL HIDALGO, C.P. 11330, CIUDAD DE MÉXICO.",PRIMARIA,09DPR1839Z,ESCUELA PRIMARIA LUIS HIDALGO MONROY (ANEXA A LA EBNM)
37,CY056,COYOACÁN,ADOLFO RUIZ CORTINES,"CALLE TECACALO Y PEHUAME  S/N, COLONIA ADOLFO RUIZ CORTINES, ALCALDÍA COYOACÁN, C.P. 04630, CIUDAD DE MÉXICO.",PRIMARIA,09DPR1958M,ESCUELA PRIMARIA LIBERAL
38,IC021,IZTACALCO,GRANJAS MEXICO,"CALLE AZAFRAN ENTRE BREA Y CHICLE NO.  152, COLONIA GRANJAS MÉXICO., ALCALDÍA IZTACALCO, C.P. 08400, CIUDAD DE MÉXICO.",INICIAL,09DDI0022N,ESCUELA DE EDUCACIÓN INICIAL CAI SEP NO 22 ANTON MAKARENKO
39,AZ003,AZCAPOTZALCO,EUZKADI,"CALLE  JARDIN Y BOULEVARD DE FERROCARRIL  S/N, COLONIA EUZKADI, ALCALDÍA AZCAPOTZALCO, C.P. 02660, CIUDAD DE MÉXICO.",SECUNDARIA,09DES0242E,ESCUELA SECUNDARIA MARGARITA DE GORTARI CARVAJAL DE SALINAS
40,CJ044,CUAJIMALPA DE MORELOS,GRANJAS NAVIDAD,"CALLE HERMANDAD Y EBANO   S/N, COLONIA GRANJAS NAVIDAD, ALCALDÍA CUAJIMALPA DE MORELOS, C.P. 05210, CIUDAD DE MÉXICO.",SECUNDARIA,09DST0048T,ESCUELA SECUNDARIA TÉCNICA  NO.  48
41,GM370,GUSTAVO A. MADERO,SAN JUAN DE ARAGON,"CALLE 585 NO.  28, UNIDAD HABITACIONAL SAN JUAN DE ARAGON, ALCALDÍA GUSTAVO A. MADERO, C.P. 07920, CIUDAD DE MÉXICO.",PRIMARIA,09DPR1542P,ESCUELA PRIMARIA MOCTEZUMA ILHUICAMINA
42,CJ018,CUAJIMALPA DE MORELOS,CUAJIMALPA,"CALLE ZARCO  NO.  1, COLONIA CUAJIMALPA, ALCALDÍA CUAJIMALPA DE MORELOS, C.P. 05000, CIUDAD DE MÉXICO.",PRIMARIA,09DPR1827U,ESCUELA PRIMARIA JOSÉ LUIS VIEYRA GONZÁLEZ
43,CJ029,CUAJIMALPA DE MORELOS,ZENTLAPATL,"CALLE PUERTO MÉXICO. NO.  134, COLONIA ZENTLAPATL, ALCALDÍA CUAJIMALPA DE MORELOS, C.P. 05010, CIUDAD DE MÉXICO.",PRIMARIA,09DPR5039H,ESCUELA PRIMARIA QUETZALCOATL
44,TH067,TLÁHUAC,GUADALUPE TLALTENCO,"CALLE OJO DE AGUA Y ALVARO OBREGON  S/N, COLONIA GUADALUPE TLALTENCO, ALCALDÍA TLÁHUAC, C.P. 13000, CIUDAD DE MÉXICO.",SECUNDARIA,09DES0154K,ESCUELA SECUNDARIA REPÚBLICA DE CUBA
45,AZ153,AZCAPOTZALCO,PORVENIR,"CALLE FERROCARRIL INDUSTRIAL (ACTUALMENTE ANTONIO VALERIANO) Y PROLONGACION 30  S/N, AMPLIACION  PORVENIR, ALCALDÍA AZCAPOTZALCO, C.P. 02940, CIUDAD DE MÉXICO.",SECUNDARIA,09DES0115I,ESCUELA SECUNDARIA IVÁN PETROVICH PAVLOV
46,MH007,MIGUEL HIDALGO,UN HOGAR PARA NOSOTROS,"CALLE MÉXICO. TACUBA NO.  215, COLONIA UN HOGAR PARA NOSOTROS, ALCALDÍA MIGUEL HIDALGO, C.P. 11330, CIUDAD DE MÉXICO.",SECUNDARIA,09DES0015J,ESCUELA SECUNDARIA ALBERT EINSTEIN
47,AO162,ALVARO OBREGÓN,EL POCITO,"CALLE CAPULA   S/N, COLONIA EL POCITO, ALCALDÍA ALVARO OBREGÓN, C.P. 01280, CIUDAD DE MÉXICO.",PRIMARIA,09DPR1868U,ESCUELA PRIMARIA PROFR. ERASTO VALLE ALCARAZ
48,CT166,CUAUHTÉMOC,NONOALCO TLATELOLCO,"CALLE LERDO  S/N, COLONIA  NONOALCO TLATELOLCO, ALCALDÍA CUAUHTÉMOC, C.P. 06900, CIUDAD DE MÉXICO.",SECUNDARIA,09DES0016I,ESCUELA SECUNDARIA PEDRO DÍAZ
49,GM236,GUSTAVO A. MADERO,CUAUTEPEC EL ALTO,"CALLE PLAZA HIDALGO  S/N, COLONIA CUAUTEPEC EL ALTO, ALCALDÍA GUSTAVO A. MADERO, C.P. 07100, CIUDAD DE MÉXICO.",PREESCOLAR,09DJN0452Z,JARDÍN DE NIÑOS  REPÚBLICA MEXICANA
50,GM219,GUSTAVO A. MADERO,EL COYOL,"CALLE 298 A ENTRE 309 Y 311  S/N, UNIDAD HABITACIONAL EL COYOL, ALCALDÍA GUSTAVO A. MADERO, C.P. 07420, CIUDAD DE MÉXICO.",PREESCOLAR,09DJN0451A,JARDÍN DE NIÑOS  PROFRA. RAMONA MARTÍNEZ  ARCOS
51,GM273,GUSTAVO A. MADERO,CAMPESTRE ARAGON,"CALLE PARQUE CENTRAL  S/N, COLONIA CAMPESTRE ARAGON, ALCALDÍA GUSTAVO A. MADERO, C.P. 07530, CIUDAD DE MÉXICO.",PREESCOLAR,09DJN0460I,JARDÍN DE NIÑOS  WOLFGANG AMADEUS MOZART
52,TP075,TLALPAN,BELVEDERE,"CALLE BEKAL Y VENUNCIA  S/N, COLONIA BELVEDERE, ALCALDÍA TLALPAN, C.P. 14720, CIUDAD DE MÉXICO.",PREESCOLAR,09DJN1220Q,JARDÍN DE NIÑOS  NEZCALTILOYAN
53,AZ071,AZCAPOTZALCO,PASTEROS,"CALLE JACARANDAS Y DURAZNOS  S/N, COLONIA PASTEROS, ALCALDÍA AZCAPOTZALCO, C.P. 02150, CIUDAD DE MÉXICO.",PREESCOLAR,09DJN0310B,JARDÍN DE NIÑOS  JOSEFINA CASTAÑEDA Y DEL POZO
54,AZ109,AZCAPOTZALCO,SAN PABLO XALPA,"CALLE SAN PABLO XALPA  NO.  434, UNIDAD HABITACINAL SAN PABLO XALPA, ALCALDÍA AZCAPOTZALCO, C.P. 02110, CIUDAD DE MÉXICO.",PREESCOLAR,09DJN1101C,JARDÍN DE NIÑOS  PROFRA. EMMA GODOY
55,BJ041,BENITO JUÁREZ,DEL VALLE,"CALLE MIER Y PESADO  NO.  245, COLONIA DEL VALLE, ALCALDÍA BENITO JUÁREZ, C.P. 03100, CIUDAD DE MÉXICO.",PREESCOLAR,09DJN0186T,JARDÍN DE NIÑOS  GUADALUPE VICTORIA
56,BJ073,BENITO JUÁREZ,INDEPENDENCIA,"CALLE SERAFIN OLARTE  NO.  196, COLONIA INDEPENDENCIA, ALCALDÍA BENITO JUÁREZ, C.P. 03630, CIUDAD DE MÉXICO.",PREESCOLAR,09DJN0432M,JARDÍN DE NIÑOS  MARIANO MATAMOROS
57,BJ114,BENITO JUÁREZ,PERIODISTAS,"CALLE BOLIVAR  NO.  1102, COLONIA PERIODISTAS, ALCALDÍA BENITO JUÁREZ, C.P. 03620, CIUDAD DE MÉXICO.",PREESCOLAR,09DJN0474L,JARDÍN DE NIÑOS  LAS ROSAS
58,CY018,COYOACÁN,AVANTE,"CALLE  DEL PARQUE (Y RETORNO 37)  S/N, COLONIA AVANTE, ALCALDÍA COYOACÁN, C.P. 04460, CIUDAD DE MÉXICO.",INICIAL,09DDI0029G,ESCUELA DE EDUCACIÓN INICIAL CAI SEP NO 29 JUSTO SIERRA
59,CY132,COYOACÁN,CAMPESTRE CHURUBUSCO,"CALLE CERRO GORDO  NO.  125, COLONIA CAMPESTRE CHURUBUSCO, ALCALDÍA COYOACÁN, C.P. 04220, CIUDAD DE MÉXICO.",PREESCOLAR,09DJN0496X,JARDÍN DE NIÑOS  FRANCISCO MARQUEZ
60,CY115,COYOACÁN,SAN FRANCISCO CULHUACAN,"CALLE EJIDO SAN PEDRO XALPA Y TOMATLAN  S/N, COLONIA SAN FRANCISCO CULHUACAN, ALCALDÍA COYOACÁN, C.P. 04420, CIUDAD DE MÉXICO.",PREESCOLAR,09DJN0849I,JARDÍN DE NIÑOS  COLHUACAN
61,CY069,COYOACÁN,PEDREGAL DE CARRASCO,"CALLE  PANAMERICANA QUINTA SECCION  S/N, COLONIA PEDREGAL DE CARRASCO, ALCALDÍA COYOACÁN, C.P. 04700, CIUDAD DE MÉXICO.",PREESCOLAR,09DJN0419S,JARDÍN DE NIÑOS  PILTZINTECUTLI
62,CT180,CUAUHTÉMOC,EX-HIPODROMO DE PERALVILLO,"CALLE  FRANCOIS GOUNOD   S/N, COLONIA EX-HIPODROMO DE PERALVILLO, ALCALDÍA CUAUHTÉMOC, C.P. 06250, CIUDAD DE MÉXICO.",PREESCOLAR,09DJN0035N,JARDÍN DE NIÑOS  REP. DE COLOMBIA
63,CT148,CUAUHTÉMOC,ROMA NORTE,"CALLE COLIMA  NO.  229, COLONIA ROMA NORTE, ALCALDÍA CUAUHTÉMOC, C.P. 06700, CIUDAD DE MÉXICO.",PREESCOLAR,09DJN0716S,JARDÍN DE NIÑOS  MA. GUADALUPE DE ALBA
64,GM128,GUSTAVO A. MADERO,LOMA DE LA PALMA,"CALLE FRANCISCO VILLA ESQUINA ESTADO DE MÉXICO.  S/N, COLONIA LOMA DE LA PALMA, ALCALDÍA GUSTAVO A. MADERO, C.P. 07160, CIUDAD DE MÉXICO.",PREESCOLAR,09DJN1256E,JARDÍN DE NIÑOS  JORGE LUIS BORGES
65,GM159,GUSTAVO A. MADERO,LINDAVISTA VALLEJO,"CALLE PONIENTE 150 MANZANA 1  S/N, UNIDAD HABITACIONAL LINDAVISTA VALLEJO, ALCALDÍA GUSTAVO A. MADERO, C.P. 07720, CIUDAD DE MÉXICO.",PREESCOLAR,09DJN0340W,JARDÍN DE NIÑOS  LUXEMBURGO
66,GM144,GUSTAVO A. MADERO,NUEVA VALLEJO,"CALLE NORTE 13 A NO.  5331, COLONIA NUEVA VALLEJO, ALCALDÍA GUSTAVO A. MADERO, C.P. 07750, CIUDAD DE MÉXICO.",PREESCOLAR,09DJN0179J,JARDÍN DE NIÑOS  LEONA VICARIO
67,MG016,LA MAGDALENA CONTRERAS,LA CONCEPCION,"CALLE CAMINO REAL DE CONTRERAS  S/N, COLONIA LA CONCEPCION, ALCALDÍA LA MAGDALENA CONTRERAS, C.P. 10830, CIUDAD DE MÉXICO.",PREESCOLAR,09DJN0459T,JARDÍN DE NIÑOS  C.A.S.I. MORELOS
68,MH114,MIGUEL HIDALGO,ESCANDON,"CALLE SALVADOR ALVARADO NO.  71, COLONIA ESCANDON, ALCALDÍA MIGUEL HIDALGO, C.P. 11800, CIUDAD DE MÉXICO.",PREESCOLAR,09DJN0476J,JARDÍN DE NIÑOS  MTRO. TEODOMIRO MANZANO
69,MH103,MIGUEL HIDALGO,REFORMA SOCIAL,"CALLE 1 NO.  3, COLONIA REFORMA SOCIAL, ALCALDÍA MIGUEL HIDALGO, C.P. 11650, CIUDAD DE MÉXICO.",PREESCOLAR,09DJN0122I,JARDÍN DE NIÑOS  MA. TERESA VAZQUEZ
70,MA028,MILPA ALTA,SAN LORENZO TLACOYUCAN,"CALLE VICENTE GUERRERO  S/N, COLONIA SAN LORENZO TLACOYUCAN, ALCALDÍA MILPA ALTA, C.P. 12500, CIUDAD DE MÉXICO.",PREESCOLAR,09DJN0292C,JARDÍN DE NIÑOS  REFUGIO PACHECO DE LÓPEZ PORTILLO
71,TH010,TLÁHUAC,SAN FRANCISCO TLALTENCO,"CALLE QUINTANA ROO Y GUERRERO  S/N, COLONIA SAN FRANCISCO TLALTENCO, ALCALDÍA TLÁHUAC, C.P. 13400, CIUDAD DE MÉXICO.",PREESCOLAR,09DJN0485R,JARDÍN DE NIÑOS  CHALCHIUHTLICUE
72,TH008,TLÁHUAC,GRANJAS CABRERA,"CALLE JOSE LUGO GUERRERO Y LA TURBA  S/N, COLONIA GRANJAS CABRERA, ALCALDÍA TLÁHUAC, C.P. 13230, CIUDAD DE MÉXICO.",PREESCOLAR,09DJN0612X,JARDÍN DE NIÑOS  BRIGIDA GARCÍA DE JUÁREZ
73,XC023,XOCHIMILCO,SANTIAGO TEPALCATLAPAN,"CALLE DEL TRABAJO Y CUAUHTEMOC  S/N, COLONIA SANTIAGO TEPALCATLAPAN, ALCALDÍA XOCHIMILCO, C.P. 16200, CIUDAD DE MÉXICO.",PRIMARIA,09DPR2026J,ESCUELA PRIMARIA CRISTÓBAL COLÓN
74,TP078,TLALPAN,MIGUEL HIDALGO PRIMERA SECCION,"CALLE UNIDAD HABITACIONAL FUENTES BROTANTES, ATRAS DEL BLOQUE I  S/N, COLONIA MIGUEL HIDALGO PRIMERA SECCION, ALCALDÍA TLALPAN, C.P. 14410, CIUDAD DE MÉXICO.",PRIMARIA,09DPR5018V,ESCUELA PRIMARIA PATRIA Y LIBERTAD
75,AZ100,AZCAPOTZALCO,LA PRECIOSA,"CALLE CIPACTLI Y HUITZILIHUITL   S/N, COLONIA LA PRECIOSA, ALCALDÍA AZCAPOTZALCO, C.P. 02460, CIUDAD DE MÉXICO.",PRIMARIA,09DPR2129F,ESCUELA PRIMARIA PABLO NERUDA
76,CT021,CUAUHTÉMOC,SANTA MARIA LA RIBERA,"CALLE CEDRO  NO.  348, COLONIA SANTA MARIA LA RIBERA, ALCALDÍA CUAUHTÉMOC, C.P. 06400, CIUDAD DE MÉXICO.",PRIMARIA,09DPR2501W,ESCUELA PRIMARIA AUGUSTO CESAR SANDINO
77,CY140,COYOACÁN,SAN FRANCISCO CULHUACAN,"CALLE EJIDO DE SANTA URSULA  NO.  105, COLONIA SAN FRANCISCO CULHUACAN, ALCALDÍA COYOACÁN, C.P. 04420, CIUDAD DE MÉXICO.",PRIMARIA,09DPR2871O,ESCUELA PRIMARIA ING. JOSÉ LÓPEZ PORTILLO Y WEBER
78,TP044,TLALPAN,MIGUEL HIDALGO FUENTES,"CALLE SAN JUAN DEL RIO NO.  22, COLONIA MIGUEL HIDALGO FUENTES, ALCALDÍA TLALPAN, C.P. 14410, CIUDAD DE MÉXICO.",PRIMARIA,09DPR5017W,ESCUELA PRIMARIA GENERAL DONATO GUERRA
79,CY167,COYOACÁN,AJUSCO,"CALLE REY TOPILTZIN   S/N, COLONIA AJUSCO, ALCALDÍA COYOACÁN, C.P. 04300, CIUDAD DE MÉXICO.",PRIMARIA,09DPR2974K,ESCUELA PRIMARIA PROFR. VICTORIANO GUZMÁN
80,GM272,GUSTAVO A. MADERO,SAN JUAN DE ARAGON,"CALLE 563 PLAZA 10  S/N, UNIDAD HABITACIONAL SAN JUAN DE ARAGON, ALCALDÍA GUSTAVO A. MADERO, C.P. 07969, CIUDAD DE MÉXICO.",PRIMARIA,09DPR1445N,ESCUELA PRIMARIA WINSTON CHURCHILL
81,IC020,IZTACALCO,INFONAVIT IZTACALCO,"CALLE VEREDAS NO.  20, UNIDAD HABITACIONAL INFONAVIT IZTACALCO, ALCALDÍA IZTACALCO, C.P. 08900, CIUDAD DE MÉXICO.",PRIMARIA,09DPR2899U,ESCUELA PRIMARIA CARTA DE LOS DERECHOS Y DEBERES ECONOMICOS DE LOS ESTADOS
82,IC076,IZTACALCO,INPI PICOS,"CALLE CIRCUITO INTERIOR RIO CHURUBUSCO  S/N, COLONIA INPI PICOS, ALCALDÍA IZTACALCO, C.P. 08760, CIUDAD DE MÉXICO.",PRIMARIA,09DPR0855J,ESCUELA PRIMARIA LIC. ALVARO GALVEZ Y FUENTES
83,CT124,CUAUHTÉMOC,GUERRERO,"CALLE SOL  NO.  116, COLONIA GUERRERO, ALCALDÍA CUAUHTÉMOC, C.P. 06300, CIUDAD DE MÉXICO.",PRIMARIA,09DPR5088Q,ESCUELA PRIMARIA JOSÉ GOROSTIZA
84,CY003,COYOACÁN,COPILCO EL BAJO,"CALLE VICTORIA  NO.  17, COLONIA COPILCO EL BAJO, ALCALDÍA COYOACÁN, C.P. 04340, CIUDAD DE MÉXICO.",PRIMARIA,09DPR1941M,ESCUELA PRIMARIA 21 DE AGOSTO DE 1944
85,CT112,CUAUHTÉMOC,ROMA NORTE,"CALLE DURANGO  NO.  100, COLONIA ROMA NORTE, ALCALDÍA CUAUHTÉMOC, C.P. 06700, CIUDAD DE MÉXICO.",PRIMARIA,09DPR3132Z,ESCUELA PRIMARIA IGNACIO L. VALLARTA
86,TH091,TLÁHUAC,SELENE,"CALLE MAR DE LOS VAPORES Y CRATER KEPLER  S/N, AMPLIACION SELENE, ALCALDÍA TLÁHUAC, C.P. 13420, CIUDAD DE MÉXICO.",PREESCOLAR,09DJN1057F,JARDÍN DE NIÑOS  YOACALLI
87,TH060,TLÁHUAC,MIGUEL HIDALGO,"CALLE DON GIOVANNI Y NICOLAS CHAMPION  S/N, COLONIA MIGUEL HIDALGO, ALCALDÍA TLÁHUAC, C.P. 13200, CIUDAD DE MÉXICO.",PRIMARIA,09DPR2576M,ESCUELA PRIMARIA PROFR. URBANO LAVIN ROMÁN
88,MH098,MIGUEL HIDALGO,POPOTLA,"CALLE MAR ARAFURA NO.  6, COLONIA POPOTLA, ALCALDÍA MIGUEL HIDALGO, C.P. 11400, CIUDAD DE MÉXICO.",PRIMARIA,09DPR1701N,ESCUELA PRIMARIA LEOPOLDO E. CAMARENA
89,VC022,VENUSTIANO CARRANZA,JARDIN BALBUENA,"CALLE EJE 3 SUR  MORELOS  NO.  639, COLONIA JARDIN BALBUENA , ALCALDÍA VENUSTIANO CARRANZA, C.P. 15900, CIUDAD DE MÉXICO.",SECUNDARIA,09DES0075Y,ESCUELA SECUNDARIA DIONISIA ZAMORA PALLARES
90,TP136,TLALPAN,HEROES DE PADIERNA,"CALLE HUEHUETAN Y TIZIMIN NO.  230, COLONIA HEROES DE PADIERNA, ALCALDÍA TLALPAN, C.P. 14200, CIUDAD DE MÉXICO.",PRIMARIA,09DPR1863Z,ESCUELA PRIMARIA JACINTO CANEK
91,TP020,TLALPAN,POPULAR SANTA TERESA,"CALLE YOBAIN MANZANA 26  S/N, COLONIA POPULAR SANTA TERESA, ALCALDÍA TLALPAN, C.P. 14160, CIUDAD DE MÉXICO.",ESPECIAL,09DML0011C,ESCUELA DE EDUCACION ESPECIAL - CAM CENTRO DE ATENCIÓN MÚLTIPLE NO. 64
92,GM296,GUSTAVO A. MADERO,ESTANZUELA,"CALLE GENERAL MARIANO SALAS Y CANTERA  S/N, COLONIA ESTANZUELA, ALCALDÍA GUSTAVO A. MADERO, C.P. 07060, CIUDAD DE MÉXICO.",ESPECIAL,09DML0081Y,ESCUELA DE EDUCACION ESPECIAL - CAM CENTRO DE ATENCIÓN MÚLTIPLE NO. 18
93,TP132,TLALPAN,VILLA LAZARO CARDENAS,"CALLE CLUB UNIVERSIDAD NACIONAL NO.  300, COLONIA VILLA LAZARO CARDENAS, ALCALDÍA TLALPAN, C.P. 14370, CIUDAD DE MÉXICO.",PRIMARIA,09DPR2234Q,ESCUELA PRIMARIA GRAL. LAZARO CARDENAS DEL RIO
94,CY099,COYOACÁN,DEL CARMEN,"CALLE GENERAL ANAYA  NO.  287, COLONIA DEL CARMEN, ALCALDÍA COYOACÁN, C.P. 04100, CIUDAD DE MÉXICO.",ESPECIAL,09DML0108O,ESCUELA DE EDUCACION ESPECIAL - CAM CENTRO DE ATENCIÓN MÚLTIPLE NO. 90
95,AZ093,AZCAPOTZALCO,PETROLERA,"CALLE  FAJA DE ORO   S/N, COLONIA PETROLERA, ALCALDÍA AZCAPOTZALCO, C.P. 02480, CIUDAD DE MÉXICO.",PRIMARIA,09DPR1647J,ESCUELA PRIMARIA MI PATRIA ES PRIMERO
96,GM205,GUSTAVO A. MADERO,CONSTITUCION DE LA REPUBLICA,"CALLE FELIX ROMERO NO.  60, COLONIA CONSTITUCION DE LA REPUBLICA, ALCALDÍA GUSTAVO A. MADERO, C.P. 07469, CIUDAD DE MÉXICO.",PRIMARIA,09DPR1540R,ESCUELA PRIMARIA PROFR. MOISES SAENZ
97,GM320,GUSTAVO A. MADERO,SAN JUAN DE ARAGON SEXTA SECCION,"CALLE 414 A Y CALLE 1537 Y 1543  S/N, COLONIA SAN JUAN DE ARAGON SEXTA SECCION, ALCALDÍA GUSTAVO A. MADERO, C.P. 07920, CIUDAD DE MÉXICO.",SECUNDARIA,09DST0071U,ESCUELA SECUNDARIA TÉCNICA  NO.  71
98,MH041,MIGUEL HIDALGO,NEXTITLA (POPOTLA),"CALLE FERROCARRIL CUERNAVACA Y MAR MEDITERRANEO NO.  242, COLONIA NEXTITLA (POPOTLA), ALCALDÍA MIGUEL HIDALGO, C.P. 11400, CIUDAD DE MÉXICO.",SECUNDARIA,09DES0263R,ESCUELA SECUNDARIA DEPORTE PARA TODOS
99,AZ181,AZCAPOTZALCO,FRANCISCO I. MADERO,"CALLE VICTOR HERNANDEZ COVARRUBIAS  S/N, UNIDAD HABITACINAL  FRANCISCO I. MADERO, ALCALDÍA AZCAPOTZALCO, C.P. 02420, CIUDAD DE MÉXICO.",PREESCOLAR,09DJN0219U,JARDÍN DE NIÑOS  TEMACHTIANI
100,CT023,CUAUHTÉMOC,ROMA SUR,"CALLE JALAPA  NO.  272, COLONIA ROMA SUR, ALCALDÍA CUAUHTÉMOC, C.P. 06760, CIUDAD DE MÉXICO.",PREESCOLAR,09DJN0729W,JARDÍN DE NIÑOS  BENITO JUÁREZ
101,GM034,GUSTAVO A. MADERO,CONSTITUCION DE LA REPUBLICA,"CALLE FERROCARRIL HIDALGO EJE 1 ORIENTE NO.  1129, COLONIA CONSTITUCION DE LA REPUBLICA, ALCALDÍA GUSTAVO A. MADERO, C.P. 07469, CIUDAD DE MÉXICO.",INICIAL,09DDI0019Z,ESCUELA DE EDUCACIÓN INICIAL CAI SEP NO 19 ANA SULLIVAN MACY
102,XC045,XOCHIMILCO,SANTA CRUZ XOCHITEPEC,"CALLE SANTIAGO  S/N, COLONIA SANTA CRUZ XOCHITEPEC, ALCALDÍA XOCHIMILCO, C.P. 16100, CIUDAD DE MÉXICO.",PREESCOLAR,09DJN0638E,JARDÍN DE NIÑOS  JOSÉ MARTI
103,IC153,IZTACALCO,INPI PICOS,"CALLE CIRCUITO INTERIR RIO CHURUBUSCO  S/N, COLONIA INPI PICOS, ALCALDÍA IZTACALCO, C.P. 08760, CIUDAD DE MÉXICO.",SECUNDARIA,09DES0148Z,ESCUELA SECUNDARIA LAO-TSE
104,CT065,CUAUHTÉMOC,CENTRO,"CALLE MIXCALCO  NO.  6, COLONIA CENTRO, ALCALDÍA CUAUHTÉMOC, C.P. 06020, CIUDAD DE MÉXICO.",ESPECIAL,09DML0072Q,"ESCUELA DE EDUCACION ESPECIAL - CAM ESCUELA NACIONAL PARA CIEGOS ""LIC IGNACIO TRIGUEROS"""
105,MA016,MILPA ALTA,SAN PABLO OZTOTEPEC,"CALLE GUERRERO  S/N, COLONIA SAN PABLO OZTOTEPEC, ALCALDÍA MILPA ALTA, C.P. 12400, CIUDAD DE MÉXICO.",SECUNDARIA,09DST0018Z,ESCUELA SECUNDARIA TÉCNICA  NO.  18
106,IC022,IZTACALCO,GRANJAS MEXICO,"CALLE AÑIL, ANEXO A LA CONADE Y RIO CHURUBUSCO  S/N, COLONIA GRANJAS MÉXICO., ALCALDÍA IZTACALCO, C.P. 08400, CIUDAD DE MÉXICO.",INICIAL,09DDI0024L,ESCUELA DE EDUCACIÓN INICIAL CAI SEP NO 24 CARMEN SERDAN
107,AZ014,AZCAPOTZALCO,SANTA CATARINA,"CALLE  CECATI  NO.  11, COLONIA SANTA CATARINA, ALCALDÍA AZCAPOTZALCO, C.P. 02250, CIUDAD DE MÉXICO.",PREESCOLAR,09DJN0061L,JARDÍN DE NIÑOS  AQUILES ELOURDUY
108,MH065,MIGUEL HIDALGO,PENSIL NORTE,"CALLE LAGO WINNIPEG NO.  7, COLONIA PENSIL NORTE, ALCALDÍA MIGUEL HIDALGO, C.P. 11430, CIUDAD DE MÉXICO.",PRIMARIA,09DPR2355B,ESCUELA PRIMARIA ESTADO DE QUINTANA ROO
109,CY182,COYOACÁN,SANTA URSULA COAPA,"CALLE ESFUERZO  NO.  36, COLONIA SANTA URSULA COAPA, ALCALDÍA COYOACÁN, C.P. 04650, CIUDAD DE MÉXICO.",PREESCOLAR,09DJN0663D,JARDÍN DE NIÑOS  SUIZA
110,CT036,CUAUHTÉMOC,NONOALCO TLATELOLCO,"CALLE MANUEL GONZALEZ NO.  86, UNIDAD HABITACIONAL  NONOALCO TLATELOLCO, ALCALDÍA CUAUHTÉMOC, C.P. 06900, CIUDAD DE MÉXICO.",INICIAL,09DDI0007V,ESCUELA DE EDUCACIÓN INICIAL CAI SEP NO 07 AGUSTINA RAMIREZ RODRIGUEZ
111,CY085,COYOACÁN,(SANTA CATARINA) VIVEROS DE COYOACAN,"CALLE MELCHOR OCAMPO  NO.  20, BARRIO (SANTA CATARINA) VIVEROS DE COYOACAN, ALCALDÍA COYOACÁN, C.P. 04010, CIUDAD DE MÉXICO.",PRIMARIA,09DPR1951T,ESCUELA PRIMARIA REPÚBLICA DE GUATEMALA
112,BJ113,BENITO JUÁREZ,INDEPENDENCIA,"CALLE MITLA Y SERAFIN OLARTE   S/N, COLONIA INDEPENDENCIA, ALCALDÍA BENITO JUÁREZ, C.P. 03630, CIUDAD DE MÉXICO.",ESPECIAL,09DML0107P,ESCUELA DE EDUCACION ESPECIAL - CAM CENTRO DE ATENCIÓN MÚLTIPLE NO. 88
113,CT168,CUAUHTÉMOC,DOCTORES,"ARCOS DE BELÉN NO. 82, COLONIA DOCTORES, ALCALDÍA CUAUHTÉMOC, C.P. 06720, CIUDAD DE MÉXICO.",PRIMARIA,09DPR2352E,ESCUELA PRIMARIA PENSIONES
114,BJ008,BENITO JUÁREZ,MIXCOAC,"CALLE LEONARDO DA VINCI  NO.  170, COLONIA MIXCOAC, ALCALDÍA BENITO JUÁREZ, C.P. 03910, CIUDAD DE MÉXICO.",INICIAL,09DDI0027I,ESCUELA DE EDUCACIÓN INICIAL CAI SEP NO 27 GABINO BARREDA
115,GM072,GUSTAVO A. MADERO,GERTRUDIS SANCHEZ PRIMERA SECCION,"CALLE NORTE 84 A  S/N, COLONIA GERTRUDIS SANCHEZ PRIMERA SECCION, ALCALDÍA GUSTAVO A. MADERO, C.P. 07839, CIUDAD DE MÉXICO.",PREESCOLAR,09DJN0170S,JARDÍN DE NIÑOS  EDUCADORAS MEXICANAS
116,IC081,IZTACALCO,VIADUCTO PIEDAD,"CALLE EJE1 OTE, AV. ANDRES MOLINA ENRIQUEZ  S/N, COLONIA VIADUCTO PIEDAD, ALCALDÍA IZTACALCO, C.P. 08200, CIUDAD DE MÉXICO.",PREESCOLAR,09DJN0671M,JARDÍN DE NIÑOS  LUZ MARIA SERRADELL
117,TH066,TLÁHUAC,QUIAHUATLA DEL PUEBLO SAN PEDRO TLAHUAC,"CALLE CL. FELIPE JARDINES NO.  MZ-45 LT-25, COLONIA QUIAHUATLA DEL PUEBLO SAN PEDRO TLAHUAC, ALCALDÍA TLÁHUAC, C.P. 13090, CIUDAD DE MÉXICO.",PREESCOLAR,09DJN1115F,JARDÍN DE NIÑOS  REPÚBLICA DE BRASIL
118,AO043,ALVARO OBREGÓN,BELLA VISTA,"CALLE CANARIO Y DIVISION DEL NORTE  S/N, COLONIA BELLA VISTA, ALCALDÍA ALVARO OBREGÓN, C.P. 01790, CIUDAD DE MÉXICO.",SECUNDARIA,09DES0021U,ESCUELA SECUNDARIA JOVITA A. ELGUERO
119,XC003,XOCHIMILCO,GUADALUPE,"CALLE PINO  S/N, COLONIA GUADALUPE, ALCALDÍA XOCHIMILCO, C.P. 16800, CIUDAD DE MÉXICO.",SECUNDARIA,09DES0224P,ESCUELA SECUNDARIA HUETZALIN
120,XC067,XOCHIMILCO,SANTA MARIA NATIVITAS,"CALLE ESCUDO NACIONAL  S/N, COLONIA SANTA MARIA NATIVITAS, ALCALDÍA XOCHIMILCO, C.P. 16797, CIUDAD DE MÉXICO.",SECUNDARIA,09DTV0121Z,ESCUELA TELESECUNDARIA  NO. 121
121,XC107,XOCHIMILCO,HUICHAPAN,"CALLE MÉXICO. NO.  6131, COLONIA HUICHAPAN, ALCALDÍA XOCHIMILCO, C.P. 16030, CIUDAD DE MÉXICO.",PRIMARIA,09DPR2045Y,ESCUELA PRIMARIA REY TIZOC
122,AZ143,AZCAPOTZALCO,DEL GAS,"CALLE SABINO Y CALLE 4  S/N, COLONIA DEL GAS, ALCALDÍA AZCAPOTZALCO, C.P. 02970, CIUDAD DE MÉXICO.",SECUNDARIA,09DST0038M,ESCUELA SECUNDARIA TÉCNICA  NO.  38
123,AZ125,AZCAPOTZALCO,LA PRECIOSA,"CALLE CIPACTLI  NO.  80, COLONIA LA PRECIOSA, ALCALDÍA AZCAPOTZALCO, C.P. 02460, CIUDAD DE MÉXICO.",PREESCOLAR,09DJN1033W,JARDÍN DE NIÑOS  TOLTECAYOTL
124,AZ011,AZCAPOTZALCO,SAN MARTIN XOCHINAHUAC,"CALLE  5 NORTE Y AVENIDA DE LAS CULTURAS  S/N, COLONIA SAN MARTIN XOCHINAHUAC, ALCALDÍA AZCAPOTZALCO, C.P. 02120, CIUDAD DE MÉXICO.",PREESCOLAR,09DJN1328H,JARDÍN DE NIÑOS  ANGEL MARIA GARIBAY KINTANA
125,BJ001,BENITO JUÁREZ,MIXCOAC,"CALLE BENVENUTO CELLINI  NO.  21, COLONIA MIXCOAC, ALCALDÍA BENITO JUÁREZ, C.P. 03910, CIUDAD DE MÉXICO.",PRIMARIA,09DPR1844K,ESCUELA PRIMARIA AMADO NERVO
126,CT090,CUAUHTÉMOC,SANTA MARIA LA RIBERA,"CALLE SANTA MARIA LA RIBERA  NO.  64, COLONIA SANTA MARIA LA RIBERA, ALCALDÍA CUAUHTÉMOC, C.P. 06400, CIUDAD DE MÉXICO.",PREESCOLAR,09DJN0831J,JARDÍN DE NIÑOS  FEDERICO FROEBEL
127,TH003,TLÁHUAC,MIGUEL HIDALGO,"CALLE GREGORIO ALLEGRI  S/N, COLONIA MIGUEL HIDALGO, ALCALDÍA TLÁHUAC, C.P. 13200, CIUDAD DE MÉXICO.",PREESCOLAR,09DJN0659R,JARDÍN DE NIÑOS  ANA MARIA GALLAGA
128,VC036,VENUSTIANO CARRANZA,ROMERO RUBIO,"CALLE ARGELIA NO.  36, COLONIA ROMERO RUBIO, ALCALDÍA VENUSTIANO CARRANZA, C.P. 15400, CIUDAD DE MÉXICO.",PREESCOLAR,09DJN0527Z,JARDÍN DE NIÑOS  ESTADO DE AGUASCALIENTES
129,GM040,GUSTAVO A. MADERO,GENERAL FELIPE BERRIOZABAL,"CALLE APANGO  S/N, COLONIA GENERAL FELIPE BERRIOZABAL, ALCALDÍA GUSTAVO A. MADERO, C.P. 07180, CIUDAD DE MÉXICO.",ESPECIAL,09DML0022I,ESCUELA DE EDUCACION ESPECIAL - CAM CENTRO DE ATENCIÓN MÚLTIPLE NO. 68
130,MA032,MILPA ALTA,SAN LORENZO TLACOYUCAN,"CALLE INSURGENTES  S/N, COLONIA SAN LORENZO TLACOYUCAN, ALCALDÍA MILPA ALTA, C.P. 12500, CIUDAD DE MÉXICO.",SECUNDARIA,09DTV0138Z,ESCUELA TELESECUNDARIA  NO. 138
131,IP215,IZTAPALAPA,LOS REYES CULHUACAN,"CALLE  TULYEHUALCO (TLAHUAC) Y CUITLAHUAC  S/N, COLONIA LOS REYES CULHUACAN, ALCALDÍA IZTAPALAPA, C.P. 09840, CIUDAD DE MÉXICO.",SECUNDARIA,09DES0084F,ESCUELA SECUNDARIA JOSÉ MARTI
132,IP121,IZTAPALAPA,MAGDALENA ATLAZOLPA,"CALLE FRANCISCO DEL PASO Y TRONCOSO Y CALLE DEL ROSAL   S/N, COLONIA MAGDALENA ATLAZOLPA, ALCALDÍA IZTAPALAPA, C.P. 09410, CIUDAD DE MÉXICO.",SECUNDARIA,09DST0044X,ESCUELA SECUNDARIA TÉCNICA  NO.  44
133,BJ060,BENITO JUÁREZ,MIRAVALLE,"CALLE DE LOS MONTES  NO.  14, COLONIA MIRAVALLE, ALCALDÍA BENITO JUÁREZ, C.P. 03580, CIUDAD DE MÉXICO.",PREESCOLAR,09DJN0361I,JARDÍN DE NIÑOS  LIC. ALEJANDRO QUIJANO
134,MH093,MIGUEL HIDALGO,ANAHUAC,"CALLE COLEGIO SALESIANO NO.  69, COLONIA ANAHUAC, ALCALDÍA MIGUEL HIDALGO, C.P. 11320, CIUDAD DE MÉXICO.",PREESCOLAR,09DJN0307O,JARDÍN DE NIÑOS  JULIAN CARRILLO
135,XC022,XOCHIMILCO,HUICHAPAN,"CALLE 18 DE MARZO NO.  15, COLONIA HUICHAPAN, ALCALDÍA XOCHIMILCO, C.P. 16300, CIUDAD DE MÉXICO.",PREESCOLAR,09DJN0635H,JARDÍN DE NIÑOS  COSTA DE MARFIL
136,VC133,VENUSTIANO CARRANZA,PUEBLA,"CALLE 65 Y 6  S/N, COLONIA PUEBLA, ALCALDÍA VENUSTIANO CARRANZA, C.P. 15020, CIUDAD DE MÉXICO.",SECUNDARIA,09DES0252L,ESCUELA SECUNDARIA AGUSTÍN CUE CÁNOVAS
137,VC142,VENUSTIANO CARRANZA,MAGDALENA MIXHUCA,"CALLE RIO FRIO  S/N, COLONIA MAGDALENA MIXHUCA, ALCALDÍA VENUSTIANO CARRANZA, C.P. 15850, CIUDAD DE MÉXICO.",ESPECIAL,09DML0073P,ESCUELA DE EDUCACION ESPECIAL - CAM CENTRO DE ATENCIÓN MÚLTIPLE NO. 83
138,AZ095,AZCAPOTZALCO,SANTO DOMINGO,"CALLE SEGUNDA DE AQUILES SERDAN   S/N, COLONIA SANTO DOMINGO, ALCALDÍA AZCAPOTZALCO, C.P. 02160, CIUDAD DE MÉXICO.",PRIMARIA,09DPR2778I,ESCUELA PRIMARIA MTRA. ROSARIO CASTELLANOS FIGUEROA
139,AO131,ALVARO OBREGÓN,SANTA LUCIA,"CALLE RAYON  NO.  3, PUEBLO SANTA LUCIA, ALCALDÍA ALVARO OBREGÓN, C.P. 01500, CIUDAD DE MÉXICO.",PRIMARIA,09DPR1870I,ESCUELA PRIMARIA HERMANOS GALEANA
140,CT233,CUAUHTÉMOC,SANTA MARIA LA RIBERA,"CALLE NARANJO Y RAMON LOPEZ VELARDE NO. 27 NO.  61, COLONIA SANTA MARIA LA RIBERA, ALCALDÍA CUAUHTÉMOC, C.P. 06400, CIUDAD DE MÉXICO.",SECUNDARIA,09DES0046C,ESCUELA SECUNDARIA JOSÉ VASCONCELOS
141,GM125,GUSTAVO A. MADERO,SAN PEDRO ZACATENCO,"CALLE SAO PAULO NO.  34, COLONIA SAN PEDRO ZACATENCO, ALCALDÍA GUSTAVO A. MADERO, C.P. 07360, CIUDAD DE MÉXICO.",PRIMARIA,09DPR1347M,ESCUELA PRIMARIA JESUS CARLOS ROMERO VILLA
142,IP132,IZTAPALAPA,SANTA MARIA TOMATLAN,"CALLE  EMILIANO ZAPATA Y TLAHUAC  S/N, COLONIA SANTA MARIA TOMATLAN, ALCALDÍA IZTAPALAPA, C.P. 09870, CIUDAD DE MÉXICO.",SECUNDARIA,09DES0226N,ESCUELA SECUNDARIA ESTADO DE VERACRUZ
143,CT197,CUAUHTÉMOC,CENTRO,"CALLE BOLIVAR  NO.  162, COLONIA CENTRO, ALCALDÍA CUAUHTÉMOC, C.P. 06080, CIUDAD DE MÉXICO.",PRIMARIA,09DPR0917F,ESCUELA PRIMARIA SIMON BOLIVAR
144,AZ112,AZCAPOTZALCO,CUITLAHUAC,"CALLE RABAUL Y MANZANA 3   S/N, UNIDAD HABITACINAL  CUITLAHUAC, ALCALDÍA AZCAPOTZALCO, C.P. 02500, CIUDAD DE MÉXICO.",PRIMARIA,09DPR1630J,ESCUELA PRIMARIA REPÚBLICA DE COREA
145,CT100,CUAUHTÉMOC,CENTRO,"CALLE ALHONDIGA Y SOLEDAD   S/N, COLONIA CENTRO, ALCALDÍA CUAUHTÉMOC, C.P. 06060, CIUDAD DE MÉXICO.",PRIMARIA,09DPR2477M,ESCUELA PRIMARIA GABINO BARREDA
146,MH051 BIS,MIGUEL HIDALGO,DANIEL GARZA,"CALLE CONSTITUYENTES Y ELECTRIFICACION  S/N, COLONIA DANIEL GARZA, ALCALDÍA MIGUEL HIDALGO, C.P. 11830, CIUDAD DE MÉXICO.",PRIMARIA,09DPR1774F,ESCUELA PRIMARIA EL PIPILA
147,CT218,CUAUHTÉMOC,SAN RAFAEL,"CALLE CL. VALENTIN GOMEZ FARIAS NO.  48, COLONIA SAN RAFAEL, ALCALDÍA CUAUHTÉMOC, C.P. 06470, CIUDAD DE MÉXICO.",PRIMARIA,09DPR3176X,ESCUELA PRIMARIA FLORENCIO M. DEL CASTILLO
148,GM179,GUSTAVO A. MADERO,TICOMAN,"CALLE 27 DE SEPTIEMBRE MANZANA 26 B  S/N, COLONIA TICOMAN, ALCALDÍA GUSTAVO A. MADERO, C.P. 07330, CIUDAD DE MÉXICO.",PREESCOLAR,09DJN0343T,JARDÍN DE NIÑOS  MIGUEL RAMOS ARIZPE
149,MH110,MIGUEL HIDALGO,PENSIL,"CALLE LAGO CONSTANZA NO.  43, COLONIA PENSIL, ALCALDÍA MIGUEL HIDALGO, C.P. 11450, CIUDAD DE MÉXICO.",PREESCOLAR,09DJN0792Y,JARDÍN DE NIÑOS  MÉXICO
150,TP071,TLALPAN,EX HACIENDA COAPA,"CALLE TENORIOS NO.  222, COLONIA EX HACIENDA COAPA, ALCALDÍA TLALPAN, C.P. 14300, CIUDAD DE MÉXICO.",PREESCOLAR,09DJN0295Z,JARDÍN DE NIÑOS  MIGUEL ANGEL BUONARROTI
151,GM074,GUSTAVO A. MADERO,ZONA ESCOLAR,"CALLE GABRIEL GUERRA  S/N, COLONIA ZONA ESCOLAR, ALCALDÍA GUSTAVO A. MADERO, C.P. 07330, CIUDAD DE MÉXICO.",PREESCOLAR,09DJN0871K,JARDÍN DE NIÑOS  EL ARBOLILLO
152,IP094,IZTAPALAPA,SANTA MARTHA ACATITLA,"CALLE FRANCISCO I. MADERO NO.  3, COLONIA SANTA MARTHA ACATITLA, ALCALDÍA IZTAPALAPA, C.P. 09510, CIUDAD DE MÉXICO.",PRIMARIA,09DPR2088W,ESCUELA PRIMARIA DR. MANUEL GAMIO
153,CT073,CUAUHTÉMOC,CENTRO,"CALLE REPUBLICA DE GUATEMALA NO.  64, COLONIA CENTRO, ALCALDÍA CUAUHTÉMOC, C.P. 06020, CIUDAD DE MÉXICO.",SECUNDARIA,09DST0063L,ESCUELA SECUNDARIA TÉCNICA  NO. 63
154,AO167,ALVARO OBREGÓN,SAN ANGEL,"CALLE JOSE DE TERESA  NO.  107, COLONIA SAN ANGEL, ALCALDÍA ALVARO OBREGÓN, C.P. 01000, CIUDAD DE MÉXICO.",PREESCOLAR,09DJN0681T,JARDÍN DE NIÑOS  PROFRA. ELSA CASTRO ULLOA
155,CY186,COYOACÁN,SAN LUCAS,"CALLE ANTIGUA TAXQUEÑA  NO.  139, COLONIA SAN LUCAS, ALCALDÍA COYOACÁN, C.P. 04330, CIUDAD DE MÉXICO.",PREESCOLAR,09DJN0820D,JARDÍN DE NIÑOS  TOMAS MIER GARCÍA
156,GM203,GUSTAVO A. MADERO,25 DE JULIO,"CALLE JUAREZ Y CUAUHTEMOC  S/N, COLONIA 25 DE JULIO, ALCALDÍA GUSTAVO A. MADERO, C.P. 07520, CIUDAD DE MÉXICO.",PREESCOLAR,09DJN0202U,JARDÍN DE NIÑOS  PROFR. LUIS DE LA BRENA
157,TH085,TLÁHUAC,SANTA CECILIA,"CALLE RAMON CARDONA NO.  8, COLONIA SANTA CECILIA, ALCALDÍA TLÁHUAC, C.P. 13010, CIUDAD DE MÉXICO.",PREESCOLAR,09DJN0654W,JARDÍN DE NIÑOS  TUTUL-XIU
158,MH026,MIGUEL HIDALGO,GRANADA,"CALLE LAGO BANGUEOLO PLANTA BAJA NO.  24, COLONIA GRANADA, ALCALDÍA MIGUEL HIDALGO, C.P. 11520, CIUDAD DE MÉXICO.",ESPECIAL,09DML0092D,ESCUELA DE EDUCACION ESPECIAL - CAM CENTRO DE ATENCIÓN MÚLTIPLE NO. 1
159,AZ081,AZCAPOTZALCO,EL RECREO,"CALLE CAMINO DEL RECREO  NO.  40, COLONIA EL RECREO, ALCALDÍA AZCAPOTZALCO, C.P. 02070, CIUDAD DE MÉXICO.",PRIMARIA,09DPR1599Q,ESCUELA PRIMARIA LIC. AQUILES ELORDUY
160,GM108,GUSTAVO A. MADERO,GERTRUDIS SANCHEZ PRIMERA SECCION,"CALLE NORTE 84 A Y ORIENTE 115  S/N, COLONIA GERTRUDIS SANCHEZ PRIMERA SECCION, ALCALDÍA GUSTAVO A. MADERO, C.P. 07830, CIUDAD DE MÉXICO.",PRIMARIA,09DPR1434H,ESCUELA PRIMARIA GRAL. GERTRUDIS G. SANCHEZ
161,IP467,IZTAPALAPA,SAN LORENZO XICOTENCATL,"CALLE  IGNACIO ZARAGOZA NO.  2300, COLONIA SAN LORENZO XICOTENCATL, ALCALDÍA IZTAPALAPA, C.P. 09130, CIUDAD DE MÉXICO.",PRIMARIA,09DPR2805P,ESCUELA PRIMARIA ISIDRO FABELA
162,IP122,IZTAPALAPA,SANTA CRUZ MEYEHUALCO,"CALLE  31, 6 Y 29  S/N, COLONIA SANTA CRUZ MEYEHUALCO, ALCALDÍA IZTAPALAPA, C.P. 09290, CIUDAD DE MÉXICO.",SECUNDARIA,09DST0053E,ESCUELA SECUNDARIA TÉCNICA  NO.  53
163,CT130,CUAUHTÉMOC,CENTRO,"CALLE  DEL HORMIGUERO  NO.  5, COLONIA CENTRO, ALCALDÍA CUAUHTÉMOC, C.P. 06090, CIUDAD DE MÉXICO.",PREESCOLAR,09DJN0711X,JARDÍN DE NIÑOS  JUAN JACOBO ROUSSEAU
164,XC075,XOCHIMILCO,SANTA MARIA TEPEPAN,"CALLE CAMINO REAL AL AJUSCO (RICARTE)  S/N, COLONIA SANTA MARIA TEPEPAN, ALCALDÍA XOCHIMILCO, C.P. 16020, CIUDAD DE MÉXICO.",SECUNDARIA,09DES0161U,ESCUELA SECUNDARIA TOMÁS ALVA EDISON
165,XC055,XOCHIMILCO,SAN LORENZO LA CEBADA,"CALLE MUYUGUARDA  S/N, COLONIA SAN LORENZO LA CEBADA, ALCALDÍA XOCHIMILCO, C.P. 16035, CIUDAD DE MÉXICO.",PRIMARIA,09DPR5121H,ESCUELA PRIMARIA OCTAVIO PAZ
166,XC098,XOCHIMILCO,TEPEPAN,"CALLE DE LAS TORRES  S/N, AMPLIACION TEPEPAN, ALCALDÍA XOCHIMILCO, C.P. 16030, CIUDAD DE MÉXICO.",PRIMARIA,09DPR2787Q,ESCUELA PRIMARIA MARIANO GALVAN RIVERA
167,GM189,GUSTAVO A. MADERO,SAN PEDRO ZACATENCO,"CALLE CIENFUEGOS NO.  1071, COLONIA SAN PEDRO ZACATENCO, ALCALDÍA GUSTAVO A. MADERO, C.P. 07360, CIUDAD DE MÉXICO.",PREESCOLAR,09DJN0371P,JARDÍN DE NIÑOS  NONANTZIN
168,IC089,IZTACALCO,CUCHILLA AGRICOLA ORIENTAL,"CALLE RIO CHURUBUSCO Y SUR 8  S/N, COLONIA CUCHILLA AGRICOLA ORIENTAL, ALCALDÍA IZTACALCO, C.P. 08420, CIUDAD DE MÉXICO.",PREESCOLAR,09DJN1241C,JARDÍN DE NIÑOS  MARIA LAVALLE URBINA
169,MH119,MIGUEL HIDALGO,PERIODISTA,"CALLE MIGUEL LANZ DURET NO.  24, COLONIA PERIODISTA, ALCALDÍA MIGUEL HIDALGO, C.P. 11220, CIUDAD DE MÉXICO.",PREESCOLAR,09DJN0275M,JARDÍN DE NIÑOS  PLUTARCO ELIAS CALLES
170,TH039,TLÁHUAC,DEL MAR,"CALLE GITANA ENTRE LAGO CUITZEO Y TURBA  S/N, COLONIA DEL MAR, ALCALDÍA TLÁHUAC, C.P. 13270, CIUDAD DE MÉXICO.",PREESCOLAR,09DJN1056G,JARDÍN DE NIÑOS  LIC. JESUS REYES HEROLES
171,AZ161,AZCAPOTZALCO,OBRERA POPULAR,"CALLE  BIOLOGO MAXIMINO MARTINEZ Y NORTE 57  S/N, COLONIA OBRERA POPULAR, ALCALDÍA AZCAPOTZALCO, C.P. 02840, CIUDAD DE MÉXICO.",SECUNDARIA,09DES0124Q,ESCUELA SECUNDARIA MÉXICO
172,BJ040,BENITO JUÁREZ,DEL VALLE,"CALLE ADOLFO PRIETO  NO.  1128, COLONIA DEL VALLE, ALCALDÍA BENITO JUÁREZ, C.P. 03100, CIUDAD DE MÉXICO.",PRIMARIA,09DIX0001O,"ESCUELA PRIMARIA GERTRUDIS BOCANEGRA DE LAZO DE LA VEGA ""INTERNADO 1"""
173,CY050,COYOACÁN,EL CARMEN,"CALLE VIENA  NO.  121, COLONIA EL CARMEN, ALCALDÍA COYOACÁN, C.P. 04100, CIUDAD DE MÉXICO.",ESPECIAL,09DML0034N,INSTITUTO NACIONAL PARA LA REHABILITACIÓN DE NIÑOS CIEGOS Y DÉBILES VISUALES
174,IP379,IZTAPALAPA,SANTA CRUZ MEYEHUALCO,"CALLE 31 NO.  25, UNIDAD HABITACIONAL SANTA CRUZ MEYEHUALCO, ALCALDÍA IZTAPALAPA, C.P. 09290, CIUDAD DE MÉXICO.",PRIMARIA,09DPR2904P,ESCUELA PRIMARIA REPÚBLICA POPULAR DE POLONIA
175,IP115,IZTAPALAPA,SOLIDARIDAD SANTA MARTHA,"CALLE OYAMELES Y FRANCISCO CESAR MORALES   S/N, UNIDAD HABITACIONAL SOLIDARIDAD SANTA MARTHA, ALCALDÍA IZTAPALAPA, C.P. 09510, CIUDAD DE MÉXICO.",SECUNDARIA,09DST0111E,ESCUELA SECUNDARIA TÉCNICA  NO.  111
176,TH065,TLÁHUAC,SANTA CATARINA YECAHUIZOTL,"CALLE ALDAMA Y CONCEPCION  S/N, COLONIA SANTA CATARINA YECAHUIZOTL, ALCALDÍA TLÁHUAC, C.P. 13100, CIUDAD DE MÉXICO.",PRIMARIA,09DPR2574O,ESCUELA PRIMARIA RAFAEL RAMIREZ CASTAÑEDA
177,GM097,GUSTAVO A. MADERO,SANTA ISABEL TOLA,"AVENIDA ACUEDUCTO  S/N, COLONIA SANTA ISABEL TOLA, ALCALDÍA GUSTAVO A. MADERO, C.P. 07010, CIUDAD DE MÉXICO.",PREESCOLAR,09DJN0215Y,JARDÍN DE NIÑOS  FRANCISCO GONZÁLEZ BOCANEGRA
178,MH107,MIGUEL HIDALGO,ANAHUAC,"CALLE LAGO CHAPALA NO.  33, COLONIA ANAHUAC, ALCALDÍA MIGUEL HIDALGO, C.P. 11320, CIUDAD DE MÉXICO.",PREESCOLAR,09DJN0148Q,JARDÍN DE NIÑOS  MARIA LUISA DE LA TORRE
179,CT138,CUAUHTÉMOC,PERALVILLO,"CALLE  DE GUADALUPE  NO.  166, COLONIA PERALVILLO, ALCALDÍA CUAUHTÉMOC, C.P. 06220, CIUDAD DE MÉXICO.",PRIMARIA,09DPR2400Y,ESCUELA PRIMARIA LISANDRO CALDERON
180,GM263,GUSTAVO A. MADERO,GUADALUPE PROLETARIA,"CALLE 8 Y RIO TLALNEPANTLA  S/N, COLONIA GUADALUPE PROLETARIA, ALCALDÍA GUSTAVO A. MADERO, C.P. 07670, CIUDAD DE MÉXICO.",PREESCOLAR,09DJN0216X,JARDÍN DE NIÑOS  TONANITLA
181,GM408,GUSTAVO A. MADERO,GUADALUPE PROLETARIA,"CALLE 8 Y AVENIDA SANTIAGO  S/N, COLONIA GUADALUPE PROLETARIA, ALCALDÍA GUSTAVO A. MADERO, C.P. 07670, CIUDAD DE MÉXICO.",SECUNDARIA,09DES0240G,ESCUELA SECUNDARIA REPÚBLICA DE SUDÁFRICA
182,TH078,TLÁHUAC,SANTIAGO SUR (LA CONCHITA ZAPOTITLAN),"CALLE ADOLFO UNDA Y DOMINGO ALVARADO (ANTES VICENTE GUERRERO Y JOSEFA ORTIZ DE DOMINGUEZ)  S/N, COLONIA SANTIAGO SUR (LA CONCHITA ZAPOTITLAN), ALCALDÍA TLÁHUAC, C.P. 13300, CIUDAD DE MÉXICO.",PREESCOLAR,09DJN0403R,JARDÍN DE NIÑOS  TEZCATLIPOCA
183,BJ028,BENITO JUÁREZ,SAN SIMON TICUMAC,"CALLE ELEUTERIO MENDEZ NO.  53, COLONIA SAN SIMON TICUMAC, ALCALDÍA BENITO JUÁREZ, C.P. 03300, CIUDAD DE MÉXICO.",SECUNDARIA,09DES0080J,ESCUELA SECUNDARIA DR. MARTÍN LUTHER KING
184,BJ090,BENITO JUÁREZ,MIXCOAC,"CALLE LOS ECHAVE  NO.  37, COLONIA MIXCOAC, ALCALDÍA BENITO JUÁREZ, C.P. 03910, CIUDAD DE MÉXICO.",PREESCOLAR,09DJN0085V,JARDÍN DE NIÑOS  REFORMA
185,IP125,IZTAPALAPA,SAN MIGUEL TEOTONGO,"CALLE ELOY CABAZOS Y BUGANBILIA (VICENTE GUERRERO)  S/N, COLONIA SAN MIGUEL TEOTONGO, ALCALDÍA IZTAPALAPA, C.P. 09630, CIUDAD DE MÉXICO.",SECUNDARIA,09DST0087V,ESCUELA SECUNDARIA TÉCNICA  NO.  87
186,GM313,GUSTAVO A. MADERO,NVA VALLEJO,"CALLE NORTE 17 A NO.  5280, COLONIA NVA VALLEJO , ALCALDÍA GUSTAVO A. MADERO, C.P. 07750, CIUDAD DE MÉXICO.",SECUNDARIA,09DST0031T,ESCUELA SECUNDARIA TÉCNICA  NO.  31
187,CT015,CUAUHTÉMOC,SANTA MARIA LA RIBERA,"CALLE FRESNO  NO.  45, COLONIA SANTA MARIA LA RIBERA, ALCALDÍA CUAUHTÉMOC, C.P. 06400, CIUDAD DE MÉXICO.",SECUNDARIA,09DES0002F,ESCUELA SECUNDARIA ANA MARÍA BERLANGA
188,MH008,MIGUEL HIDALGO,LOMAS ALTAS,"CALLE CONSTITUYENTES NO.  940, COLONIA LOMAS ALTAS, ALCALDÍA MIGUEL HIDALGO, C.P. 11950, CIUDAD DE MÉXICO.",PRIMARIA,09DPR1093A,ESCUELA PRIMARIA ALBERTO M. ALVARADO
